ProductID,ProductName,Category,Brand,CostPrice,UnitPrice,LaunchDate
1,Product_1,Fashion,Puma,17442,19294,03-01-2022
2,Product_2,Beauty,Loreal,5555,6077,27-01-2023
3,Product_3,Beauty,Maybelline,16050,18958,25-04-2021
4,Product_4,Electronics,Apple,3216,4320,21-03-2023
5,Product_5,Beauty,Maybelline,3251,7642,02-06-2020
6,Product_6,Electronics,Sony,7874,11815,29-08-2021
7,Product_7,Home,LG,1941,2958,23-12-2020
8,Product_8,Electronics,OnePlus,9821,12971,18-10-2023
9,Product_9,Home,LG,4097,5075,03-04-2020
10,Product_10,Electronics,OnePlus,4834,6430,04-11-2021
11,Product_11,Home,LG,9091,10052,02-02-2022
12,Product_12,Home,Philips,4030,7513,30-03-2022
13,Product_13,Beauty,Loreal,12939,17056,13-05-2022
14,Product_14,Fashion,Nike,4642,5322,22-11-2020
15,Product_15,Electronics,Dell,19657,23811,11-03-2023
16,Product_16,Beauty,Maybelline,12743,15880,06-06-2023
17,Product_17,Electronics,OnePlus,4581,8738,26-09-2022
18,Product_18,Electronics,Dell,14740,15316,09-05-2020
19,Product_19,Home,Prestige,705,5204,26-03-2023
20,Product_20,Fashion,H&M,11385,15837,07-12-2022
21,Product_21,Electronics,Dell,8445,12592,09-12-2021
22,Product_22,Beauty,Maybelline,18595,19242,24-01-2020
23,Product_23,Fashion,Zara,15677,19938,04-12-2020
24,Product_24,Electronics,OnePlus,16410,19236,08-05-2021
25,Product_25,Home,Prestige,1949,6301,01-04-2021
26,Product_26,Beauty,Nivea,8000,8845,29-07-2022
27,Product_27,Beauty,Dove,14983,15904,17-10-2022
28,Product_28,Beauty,Loreal,4189,8463,31-08-2023
29,Product_29,Electronics,Apple,13519,17096,14-03-2020
30,Product_30,Electronics,OnePlus,3278,5973,07-11-2022
31,Product_31,Fashion,H&M,15249,18241,14-01-2022
32,Product_32,Electronics,OnePlus,7604,11526,10-11-2021
33,Product_33,Beauty,Loreal,15128,16262,18-07-2020
34,Product_34,Fashion,Nike,11485,14594,21-07-2023
35,Product_35,Home,Whirlpool,17404,20666,08-12-2023
36,Product_36,Electronics,Apple,5679,9912,14-10-2020
37,Product_37,Beauty,Lakme,8632,10436,19-01-2021
38,Product_38,Electronics,OnePlus,13174,15140,25-07-2022
39,Product_39,Fashion,H&M,11373,12455,28-04-2022
40,Product_40,Electronics,Lenovo,19594,20803,11-07-2022
41,Product_41,Beauty,Dove,16821,18123,18-10-2022
42,Product_42,Electronics,HP,1891,6623,05-06-2022
43,Product_43,Beauty,Dove,6106,11045,21-12-2020
44,Product_44,Fashion,Nike,12994,15830,29-10-2022
45,Product_45,Beauty,Nivea,8434,10875,25-03-2022
46,Product_46,Home,Prestige,15138,16430,09-10-2020
47,Product_47,Beauty,Dove,17086,19734,07-12-2023
48,Product_48,Home,Whirlpool,7421,9266,05-03-2021
49,Product_49,Home,Prestige,4647,6303,28-10-2022
50,Product_50,Home,Ikea,11842,16648,10-09-2022
51,Product_51,Beauty,Dove,9669,13329,27-01-2020
52,Product_52,Electronics,Apple,12780,14170,18-04-2020
53,Product_53,Electronics,Samsung,9048,10566,09-08-2021
54,Product_54,Home,Philips,2332,4949,21-02-2021
55,Product_55,Electronics,Sony,15130,16169,15-06-2023
56,Product_56,Fashion,H&M,18691,22076,01-05-2021
57,Product_57,Home,Ikea,12803,16177,03-05-2022
58,Product_58,Home,Whirlpool,2062,2368,29-05-2021
59,Product_59,Fashion,Zara,14818,16865,21-07-2023
60,Product_60,Home,Whirlpool,18211,20020,24-01-2024
61,Product_61,Fashion,Puma,15006,16659,30-10-2023
62,Product_62,Electronics,Samsung,5994,10403,01-09-2020
63,Product_63,Beauty,Lakme,14341,16827,13-02-2023
64,Product_64,Home,Philips,5573,10557,06-06-2021
65,Product_65,Electronics,Sony,15580,17048,22-03-2020
66,Product_66,Fashion,Puma,19858,20474,04-07-2023
67,Product_67,Home,LG,19065,23771,03-01-2022
68,Product_68,Electronics,OnePlus,10715,15219,26-03-2021
69,Product_69,Fashion,Zara,2534,6872,22-11-2020
70,Product_70,Beauty,Dove,17897,21401,07-07-2020
71,Product_71,Home,Philips,7291,10209,09-11-2021
72,Product_72,Home,Prestige,7458,12003,30-08-2022
73,Product_73,Electronics,Apple,11637,15487,07-05-2021
74,Product_74,Fashion,Nike,10816,14140,20-08-2020
75,Product_75,Beauty,Loreal,18002,20518,20-02-2020
76,Product_76,Home,Whirlpool,16970,20820,23-09-2022
77,Product_77,Electronics,Sony,6608,9432,18-11-2022
78,Product_78,Electronics,Apple,5785,10392,28-12-2022
79,Product_79,Electronics,Lenovo,2445,4371,04-10-2023
80,Product_80,Fashion,H&M,14200,15251,25-02-2021
81,Product_81,Beauty,Lakme,5338,5732,29-07-2022
82,Product_82,Home,Ikea,3167,3967,21-04-2020
83,Product_83,Fashion,Puma,18587,19364,23-03-2023
84,Product_84,Fashion,Puma,13657,17035,12-07-2022
85,Product_85,Beauty,Nivea,10667,11005,08-03-2022
86,Product_86,Electronics,HP,493,1211,14-04-2023
87,Product_87,Electronics,Lenovo,2678,5808,26-10-2022
88,Product_88,Electronics,Sony,10174,11082,30-07-2021
89,Product_89,Beauty,Nivea,13247,13699,28-08-2022
90,Product_90,Fashion,Zara,7504,8821,11-03-2022
91,Product_91,Home,Philips,10066,13322,23-01-2020
92,Product_92,Fashion,Nike,1668,1909,18-03-2023
93,Product_93,Beauty,Dove,18241,19138,16-09-2021
94,Product_94,Fashion,H&M,11567,13501,25-04-2022
95,Product_95,Fashion,Adidas,6329,8337,17-06-2023
96,Product_96,Home,Philips,4055,5740,06-10-2023
97,Product_97,Electronics,OnePlus,18284,22262,13-08-2023
98,Product_98,Electronics,Sony,2507,4760,20-07-2020
99,Product_99,Fashion,H&M,19324,23515,08-11-2021
100,Product_100,Home,Philips,7985,9004,06-08-2021
101,Product_101,Electronics,Samsung,10713,14893,11-07-2022
102,Product_102,Home,Whirlpool,10316,15301,08-11-2020
103,Product_103,Home,Prestige,14334,15915,10-01-2020
104,Product_104,Home,Philips,7558,11330,20-07-2021
105,Product_105,Home,Philips,11164,15295,05-08-2022
106,Product_106,Beauty,Loreal,10309,14498,03-02-2023
107,Product_107,Electronics,Samsung,2986,5484,13-10-2020
108,Product_108,Fashion,Puma,2805,3622,08-02-2020
109,Product_109,Electronics,OnePlus,19367,24309,09-04-2022
110,Product_110,Fashion,Nike,18374,20708,18-01-2023
111,Product_111,Beauty,Maybelline,12287,15702,02-04-2021
112,Product_112,Home,Philips,15527,19832,11-11-2022
113,Product_113,Electronics,Dell,12223,16536,22-01-2020
114,Product_114,Fashion,Zara,5734,10145,14-10-2020
115,Product_115,Beauty,Maybelline,6170,11009,04-03-2023
116,Product_116,Fashion,H&M,16143,19282,23-03-2020
117,Product_117,Fashion,Levis,7893,8607,25-06-2021
118,Product_118,Home,Philips,1702,3595,26-11-2022
119,Product_119,Home,LG,15690,19614,05-04-2020
120,Product_120,Electronics,Lenovo,10919,11964,12-12-2023
121,Product_121,Home,Prestige,19260,23919,13-03-2023
122,Product_122,Fashion,Levis,12703,15895,18-04-2023
123,Product_123,Electronics,HP,8543,11825,01-04-2021
124,Product_124,Beauty,Loreal,11606,15794,14-09-2022
125,Product_125,Electronics,HP,4853,8656,05-12-2020
126,Product_126,Fashion,Nike,17160,19660,09-03-2021
127,Product_127,Fashion,Adidas,5456,8623,17-05-2023
128,Product_128,Electronics,Lenovo,7847,11443,07-11-2021
129,Product_129,Electronics,Dell,15989,20113,07-03-2021
130,Product_130,Fashion,H&M,13764,14147,14-05-2021
131,Product_131,Electronics,Samsung,19092,20611,02-10-2020
132,Product_132,Electronics,HP,5112,5770,06-12-2020
133,Product_133,Home,Philips,17229,20750,12-05-2023
134,Product_134,Electronics,Lenovo,9588,10490,19-03-2021
135,Product_135,Beauty,Dove,15747,19892,15-12-2020
136,Product_136,Fashion,Levis,19988,21357,08-04-2023
137,Product_137,Fashion,Zara,17038,19404,09-12-2020
138,Product_138,Home,LG,19847,20610,15-04-2021
139,Product_139,Beauty,Nivea,4632,5721,03-02-2020
140,Product_140,Fashion,Zara,16826,20464,02-11-2020
141,Product_141,Electronics,Samsung,15893,16412,24-12-2022
142,Product_142,Electronics,Apple,16102,17369,20-05-2023
143,Product_143,Electronics,OnePlus,14439,18915,11-05-2022
144,Product_144,Home,Ikea,17661,21375,14-04-2021
145,Product_145,Beauty,Nivea,11785,16704,19-07-2020
146,Product_146,Beauty,Maybelline,8640,12748,21-04-2021
147,Product_147,Electronics,Sony,19904,24558,16-04-2022
148,Product_148,Home,Philips,479,737,29-03-2023
149,Product_149,Electronics,HP,535,3807,02-09-2023
150,Product_150,Fashion,H&M,10651,14200,11-01-2022
151,Product_151,Electronics,Samsung,14261,19256,03-06-2021
152,Product_152,Home,Whirlpool,14179,19004,18-01-2022
153,Product_153,Home,LG,6974,10559,04-02-2023
154,Product_154,Beauty,Maybelline,12431,17211,10-02-2023
155,Product_155,Beauty,Loreal,10348,15280,06-12-2021
156,Product_156,Beauty,Maybelline,4202,6284,03-07-2022
157,Product_157,Fashion,Nike,7327,11691,31-03-2022
158,Product_158,Home,Whirlpool,2005,3521,07-03-2022
159,Product_159,Electronics,OnePlus,3284,4674,23-08-2022
160,Product_160,Beauty,Lakme,2399,4754,30-03-2021
161,Product_161,Home,Ikea,1537,4885,31-03-2022
162,Product_162,Home,Whirlpool,2182,3817,04-08-2023
163,Product_163,Beauty,Nivea,650,2502,07-09-2023
164,Product_164,Home,Philips,1401,5783,22-11-2022
165,Product_165,Fashion,Zara,5853,6348,06-01-2022
166,Product_166,Fashion,H&M,309,1798,26-06-2020
167,Product_167,Home,LG,11871,15308,10-04-2022
168,Product_168,Fashion,Zara,803,1565,03-07-2020
169,Product_169,Home,Whirlpool,19401,22452,12-12-2021
170,Product_170,Home,Philips,6674,10599,07-04-2022
171,Product_171,Electronics,Sony,6035,9570,02-11-2022
172,Product_172,Electronics,HP,2671,6992,25-08-2021
173,Product_173,Home,Ikea,17119,19430,06-01-2023
174,Product_174,Home,LG,12656,17469,17-09-2022
175,Product_175,Fashion,Puma,15335,19309,16-04-2023
176,Product_176,Electronics,Dell,4109,6421,18-05-2020
177,Product_177,Beauty,Maybelline,7834,10620,24-04-2022
178,Product_178,Home,Whirlpool,17852,18131,06-12-2023
179,Product_179,Home,Philips,9713,10674,28-03-2022
180,Product_180,Home,Ikea,18471,20133,02-09-2022
181,Product_181,Home,Prestige,7461,12360,05-07-2021
182,Product_182,Fashion,H&M,6531,10818,12-02-2021
183,Product_183,Fashion,H&M,8231,10605,27-02-2021
184,Product_184,Fashion,Adidas,8482,11598,15-11-2020
185,Product_185,Electronics,Apple,2871,7106,11-06-2023
186,Product_186,Electronics,OnePlus,18043,18589,14-09-2022
187,Product_187,Home,Whirlpool,10635,14868,22-03-2023
188,Product_188,Home,LG,6292,10679,27-07-2021
189,Product_189,Beauty,Maybelline,19196,20446,20-04-2020
190,Product_190,Beauty,Nivea,18019,18485,26-10-2022
191,Product_191,Home,LG,6027,9972,03-09-2020
192,Product_192,Beauty,Loreal,575,871,12-10-2023
193,Product_193,Fashion,Levis,19338,20363,28-10-2021
194,Product_194,Home,Whirlpool,8809,10542,28-01-2023
195,Product_195,Home,Philips,9127,13188,09-06-2023
196,Product_196,Home,Prestige,6326,10611,18-05-2022
197,Product_197,Fashion,Levis,12499,15689,31-03-2022
198,Product_198,Home,LG,6194,11074,25-09-2020
199,Product_199,Fashion,Nike,9145,11276,11-02-2023
200,Product_200,Beauty,Nivea,6724,8118,02-11-2020
201,Product_201,Beauty,Lakme,6087,9740,20-10-2022
202,Product_202,Fashion,H&M,17241,21815,15-01-2024
203,Product_203,Home,LG,10131,12386,25-02-2023
204,Product_204,Electronics,Dell,3543,5081,02-05-2020
205,Product_205,Fashion,Puma,15915,16903,10-07-2022
206,Product_206,Home,Prestige,12128,15279,21-02-2023
207,Product_207,Home,Prestige,949,4522,05-09-2020
208,Product_208,Home,Whirlpool,6819,11744,25-03-2023
209,Product_209,Fashion,Puma,11936,14799,10-10-2023
210,Product_210,Beauty,Nivea,2869,6190,10-06-2023
211,Product_211,Home,LG,5046,6618,04-08-2023
212,Product_212,Home,LG,19031,22546,26-05-2020
213,Product_213,Electronics,Samsung,11559,13628,04-10-2021
214,Product_214,Home,Prestige,9064,12503,09-07-2021
215,Product_215,Beauty,Loreal,19532,23999,11-07-2022
216,Product_216,Beauty,Maybelline,6325,6714,13-09-2020
217,Product_217,Fashion,H&M,8545,9400,07-03-2021
218,Product_218,Fashion,Levis,3675,4657,10-05-2020
219,Product_219,Beauty,Dove,2063,2478,24-03-2022
220,Product_220,Electronics,Apple,8900,10372,21-06-2020
221,Product_221,Beauty,Loreal,7815,10041,04-08-2021
222,Product_222,Beauty,Maybelline,4601,9116,15-12-2020
223,Product_223,Electronics,Apple,11992,14856,02-09-2022
224,Product_224,Beauty,Dove,9226,13919,30-06-2022
225,Product_225,Fashion,H&M,17971,19621,25-04-2023
226,Product_226,Beauty,Dove,14553,19041,03-08-2023
227,Product_227,Home,Prestige,16082,20702,10-04-2021
228,Product_228,Electronics,Dell,10388,13584,24-04-2022
229,Product_229,Home,Philips,10247,10533,01-01-2020
230,Product_230,Fashion,Puma,9696,13739,31-12-2022
231,Product_231,Electronics,Lenovo,16419,20527,05-09-2021
232,Product_232,Electronics,OnePlus,14404,17003,07-05-2023
233,Product_233,Fashion,Nike,18263,21523,21-01-2021
234,Product_234,Beauty,Dove,14623,18056,26-05-2021
235,Product_235,Fashion,H&M,13070,16369,27-03-2021
236,Product_236,Home,Ikea,14135,16297,24-11-2022
237,Product_237,Home,Prestige,17730,20132,25-04-2022
238,Product_238,Fashion,Nike,6277,7596,16-08-2021
239,Product_239,Electronics,Lenovo,15220,19129,11-07-2021
240,Product_240,Beauty,Maybelline,10806,11164,07-11-2020
241,Product_241,Electronics,HP,1025,2748,28-07-2020
242,Product_242,Home,Prestige,4397,8188,29-01-2024
243,Product_243,Electronics,Samsung,3255,4689,31-01-2020
244,Product_244,Beauty,Maybelline,11503,15145,30-09-2021
245,Product_245,Beauty,Loreal,15494,15953,07-11-2021
246,Product_246,Electronics,OnePlus,5087,5746,29-06-2021
247,Product_247,Beauty,Lakme,18099,22150,06-01-2021
248,Product_248,Fashion,Puma,12803,13106,06-09-2020
249,Product_249,Fashion,Levis,14814,17038,09-03-2020
250,Product_250,Fashion,Levis,3378,7847,25-09-2023
251,Product_251,Fashion,Levis,13050,15806,23-10-2021
252,Product_252,Fashion,H&M,1682,6384,02-12-2022
253,Product_253,Electronics,Sony,16068,18715,10-02-2021
254,Product_254,Home,Ikea,7436,8561,28-04-2021
255,Product_255,Beauty,Loreal,793,2364,19-07-2021
256,Product_256,Electronics,Dell,8265,8538,27-03-2020
257,Product_257,Beauty,Dove,5378,8620,02-07-2020
258,Product_258,Fashion,Adidas,16681,17629,05-11-2023
259,Product_259,Home,Ikea,2258,5370,13-08-2023
260,Product_260,Fashion,H&M,17875,18954,14-09-2020
261,Product_261,Beauty,Maybelline,10678,15452,13-08-2023
262,Product_262,Home,LG,6623,6997,12-11-2023
263,Product_263,Beauty,Loreal,4714,6967,21-03-2020
264,Product_264,Beauty,Nivea,18618,21232,16-01-2023
265,Product_265,Beauty,Maybelline,18869,20597,18-01-2023
266,Product_266,Home,Prestige,15648,18103,11-05-2023
267,Product_267,Fashion,Nike,17704,19173,09-07-2022
268,Product_268,Home,Prestige,18047,21254,18-07-2022
269,Product_269,Electronics,OnePlus,16879,20184,14-01-2021
270,Product_270,Electronics,HP,12230,14386,18-10-2021
271,Product_271,Electronics,Lenovo,17960,21334,23-01-2021
272,Product_272,Beauty,Dove,5350,7869,22-10-2021
273,Product_273,Beauty,Loreal,3919,4907,07-12-2022
274,Product_274,Electronics,Apple,4552,6215,05-03-2020
275,Product_275,Fashion,Nike,16204,17973,21-07-2020
276,Product_276,Electronics,HP,13033,17246,12-12-2022
277,Product_277,Home,Ikea,12304,14312,25-05-2023
278,Product_278,Electronics,Apple,7139,11364,12-06-2020
279,Product_279,Beauty,Lakme,12126,16897,01-05-2022
280,Product_280,Home,Ikea,9010,13543,24-03-2020
281,Product_281,Electronics,OnePlus,10258,11096,18-03-2021
282,Product_282,Electronics,Apple,7869,12424,28-02-2022
283,Product_283,Fashion,Adidas,17542,19779,13-03-2023
284,Product_284,Fashion,Zara,18589,22190,04-08-2020
285,Product_285,Home,LG,14294,15346,07-12-2020
286,Product_286,Fashion,Zara,13458,17792,22-11-2021
287,Product_287,Fashion,Zara,19958,23787,22-12-2021
288,Product_288,Home,Whirlpool,10938,14183,24-04-2022
289,Product_289,Beauty,Loreal,8187,13000,22-01-2023
290,Product_290,Fashion,Levis,18330,20611,07-01-2022
291,Product_291,Beauty,Nivea,13311,13512,27-01-2024
292,Product_292,Electronics,Sony,19821,20154,26-11-2022
293,Product_293,Fashion,Puma,515,3175,30-03-2021
294,Product_294,Fashion,Puma,1011,3471,07-02-2023
295,Product_295,Fashion,Nike,1536,5507,29-12-2021
296,Product_296,Fashion,Adidas,8983,12190,07-04-2023
297,Product_297,Fashion,Adidas,8696,11356,07-07-2020
298,Product_298,Beauty,Dove,7424,8256,21-01-2024
299,Product_299,Home,LG,5965,10164,13-11-2023
300,Product_300,Electronics,HP,10143,10649,05-02-2024
301,Product_301,Beauty,Lakme,2132,5071,13-12-2021
302,Product_302,Beauty,Nivea,4249,6306,29-08-2023
303,Product_303,Electronics,Lenovo,12833,13476,16-09-2021
304,Product_304,Electronics,Sony,17992,22819,02-11-2020
305,Product_305,Home,Whirlpool,7535,8989,13-04-2020
306,Product_306,Beauty,Nivea,19801,24713,30-10-2022
307,Product_307,Electronics,Samsung,14453,17026,18-03-2022
308,Product_308,Fashion,Adidas,11315,12191,01-09-2022
309,Product_309,Electronics,HP,13380,15730,23-06-2020
310,Product_310,Beauty,Dove,14537,15805,03-10-2020
311,Product_311,Beauty,Dove,6791,10987,20-03-2022
312,Product_312,Fashion,Zara,17478,19695,11-05-2021
313,Product_313,Electronics,Sony,14392,17241,03-11-2023
314,Product_314,Electronics,Apple,13852,17521,18-01-2022
315,Product_315,Home,Philips,10809,13831,01-05-2023
316,Product_316,Electronics,OnePlus,10288,11874,17-12-2021
317,Product_317,Beauty,Dove,5078,8886,01-04-2020
318,Product_318,Fashion,Adidas,12549,14026,31-01-2024
319,Product_319,Electronics,Apple,2087,4278,25-06-2023
320,Product_320,Fashion,Puma,750,3762,21-11-2023
321,Product_321,Electronics,Sony,15047,19106,16-02-2020
322,Product_322,Home,Philips,17929,19864,21-02-2021
323,Product_323,Home,Whirlpool,16127,17484,24-11-2023
324,Product_324,Electronics,Dell,19403,23918,30-03-2020
325,Product_325,Home,Philips,2269,4795,15-02-2021
326,Product_326,Home,Ikea,15535,15803,16-05-2020
327,Product_327,Beauty,Loreal,12103,13186,09-02-2020
328,Product_328,Home,LG,7874,11192,07-11-2022
329,Product_329,Electronics,Sony,16181,20735,29-06-2020
330,Product_330,Fashion,Adidas,16705,20656,22-02-2023
331,Product_331,Electronics,Apple,8406,12942,16-09-2021
332,Product_332,Home,LG,13190,14676,07-02-2020
333,Product_333,Home,Prestige,11945,14621,28-04-2021
334,Product_334,Home,Ikea,8743,12114,01-03-2020
335,Product_335,Home,Philips,5271,8270,15-03-2022
336,Product_336,Fashion,Nike,12824,17289,20-10-2023
337,Product_337,Fashion,Levis,8176,13069,08-11-2020
338,Product_338,Beauty,Loreal,11090,14969,15-01-2023
339,Product_339,Fashion,Adidas,4840,9799,13-01-2023
340,Product_340,Fashion,Adidas,10425,14916,03-10-2020
341,Product_341,Beauty,Maybelline,18808,20302,12-10-2021
342,Product_342,Electronics,HP,17764,18933,12-01-2021
343,Product_343,Home,Philips,1266,4076,27-04-2022
344,Product_344,Beauty,Loreal,14816,17258,07-11-2020
345,Product_345,Fashion,Nike,4610,6323,23-02-2020
346,Product_346,Home,Whirlpool,18880,20971,06-05-2023
347,Product_347,Fashion,Adidas,1154,4297,11-06-2020
348,Product_348,Beauty,Maybelline,16760,20800,29-12-2023
349,Product_349,Home,Philips,12996,17221,28-08-2022
350,Product_350,Fashion,Adidas,6632,8685,07-03-2020
351,Product_351,Beauty,Lakme,9142,12725,31-03-2021
352,Product_352,Fashion,Adidas,2467,4117,18-06-2022
353,Product_353,Beauty,Loreal,15292,17513,25-05-2022
354,Product_354,Beauty,Lakme,12764,15527,18-03-2022
355,Product_355,Electronics,HP,3882,7781,24-07-2022
356,Product_356,Electronics,Samsung,17296,21902,21-03-2022
357,Product_357,Electronics,HP,12994,17422,15-07-2023
358,Product_358,Electronics,Samsung,9841,13641,26-03-2022
359,Product_359,Home,Prestige,15417,16980,15-05-2022
360,Product_360,Home,Whirlpool,2087,6522,18-10-2020
361,Product_361,Beauty,Nivea,3263,7564,19-08-2020
362,Product_362,Fashion,Zara,18204,19512,16-03-2022
363,Product_363,Beauty,Loreal,15074,15478,01-01-2021
364,Product_364,Beauty,Dove,6916,10840,03-07-2020
365,Product_365,Home,Prestige,5673,6885,05-07-2020
366,Product_366,Electronics,Lenovo,15025,18198,23-06-2020
367,Product_367,Beauty,Dove,5539,8841,01-02-2023
368,Product_368,Beauty,Lakme,5899,8844,04-03-2023
369,Product_369,Fashion,Adidas,5038,6703,29-12-2023
370,Product_370,Electronics,Dell,10394,13129,04-02-2024
371,Product_371,Beauty,Loreal,6221,7384,26-09-2020
372,Product_372,Fashion,Nike,8593,8893,28-07-2022
373,Product_373,Beauty,Nivea,18109,18356,30-05-2023
374,Product_374,Beauty,Maybelline,7406,11503,18-07-2022
375,Product_375,Beauty,Nivea,2901,3154,16-05-2021
376,Product_376,Home,Whirlpool,18569,20469,10-04-2020
377,Product_377,Fashion,Adidas,2104,5163,16-03-2020
378,Product_378,Fashion,Nike,19242,21886,09-11-2021
379,Product_379,Electronics,Apple,3868,7483,31-12-2020
380,Product_380,Fashion,H&M,9618,14506,25-02-2023
381,Product_381,Fashion,Levis,19271,22421,14-03-2020
382,Product_382,Electronics,OnePlus,10107,12951,24-01-2022
383,Product_383,Beauty,Lakme,14302,19011,12-05-2020
384,Product_384,Home,LG,4708,5907,23-11-2023
385,Product_385,Home,Prestige,17570,21159,10-12-2022
386,Product_386,Fashion,H&M,7150,7826,11-08-2020
387,Product_387,Electronics,Dell,9710,13408,31-05-2023
388,Product_388,Home,Prestige,17516,22427,30-06-2023
389,Product_389,Home,Philips,18736,23002,30-11-2022
390,Product_390,Beauty,Nivea,6195,8301,22-12-2023
391,Product_391,Home,Philips,351,1519,19-02-2020
392,Product_392,Beauty,Lakme,7093,10689,27-04-2022
393,Product_393,Electronics,Sony,11757,16547,29-07-2023
394,Product_394,Fashion,Nike,6892,9399,05-06-2021
395,Product_395,Electronics,Sony,10139,14489,31-01-2023
396,Product_396,Home,Ikea,4030,6960,30-11-2021
397,Product_397,Beauty,Dove,1254,2892,01-02-2021
398,Product_398,Home,Prestige,15999,20086,13-03-2020
399,Product_399,Fashion,Levis,5391,9364,04-01-2023
400,Product_400,Home,LG,13864,14522,03-12-2022
401,Product_401,Home,Whirlpool,10638,15386,02-01-2023
402,Product_402,Electronics,Samsung,19220,22137,25-12-2021
403,Product_403,Electronics,Samsung,9490,9945,25-11-2021
404,Product_404,Beauty,Dove,5738,10615,25-05-2023
405,Product_405,Beauty,Maybelline,19803,20960,23-09-2021
406,Product_406,Home,Ikea,9196,12786,26-06-2020
407,Product_407,Beauty,Maybelline,12476,16378,11-09-2021
408,Product_408,Fashion,Zara,10206,11839,17-08-2020
409,Product_409,Home,Ikea,6922,7880,27-06-2022
410,Product_410,Electronics,OnePlus,16115,20411,11-11-2020
411,Product_411,Fashion,Puma,16142,20631,27-09-2021
412,Product_412,Home,Philips,3519,7947,17-10-2023
413,Product_413,Fashion,Adidas,1497,5460,04-03-2022
414,Product_414,Electronics,Apple,10490,11050,08-11-2023
415,Product_415,Electronics,Sony,15598,16175,30-07-2020
416,Product_416,Home,Ikea,19225,21982,01-08-2023
417,Product_417,Fashion,Puma,6871,8648,09-08-2021
418,Product_418,Home,Whirlpool,10757,14570,06-10-2023
419,Product_419,Electronics,Sony,5192,6682,14-07-2021
420,Product_420,Electronics,Apple,18637,23048,28-07-2020
421,Product_421,Fashion,Zara,11779,16479,14-10-2021
422,Product_422,Home,Philips,9582,14484,16-05-2021
423,Product_423,Fashion,Nike,10503,13477,12-01-2023
424,Product_424,Beauty,Lakme,4562,4999,22-08-2022
425,Product_425,Electronics,Apple,12869,13509,25-06-2020
426,Product_426,Beauty,Nivea,6164,10016,16-06-2023
427,Product_427,Home,Prestige,11189,13012,31-12-2023
428,Product_428,Electronics,OnePlus,15559,20410,26-09-2020
429,Product_429,Electronics,OnePlus,15644,16640,22-07-2022
430,Product_430,Home,LG,15718,17816,03-04-2021
431,Product_431,Fashion,Zara,8755,11932,13-03-2022
432,Product_432,Fashion,H&M,11124,13984,17-07-2022
433,Product_433,Beauty,Lakme,2441,6534,19-08-2020
434,Product_434,Home,LG,15413,17012,01-08-2021
435,Product_435,Home,Whirlpool,19131,20374,06-11-2022
436,Product_436,Electronics,Dell,3805,6674,12-02-2023
437,Product_437,Electronics,OnePlus,10199,14763,02-08-2022
438,Product_438,Beauty,Dove,13847,16001,25-06-2023
439,Product_439,Fashion,Zara,5510,9661,25-02-2022
440,Product_440,Electronics,Sony,7123,10854,10-06-2022
441,Product_441,Home,Whirlpool,8038,9655,19-09-2023
442,Product_442,Electronics,Lenovo,19115,23301,22-08-2020
443,Product_443,Beauty,Loreal,18489,19488,30-06-2022
444,Product_444,Fashion,Puma,13597,14367,10-05-2023
445,Product_445,Electronics,Lenovo,19843,23147,01-11-2021
446,Product_446,Beauty,Lakme,3266,5248,11-10-2020
447,Product_447,Electronics,OnePlus,5107,6529,16-07-2022
448,Product_448,Home,LG,19237,23100,04-02-2021
449,Product_449,Fashion,H&M,10674,13329,13-03-2023
450,Product_450,Home,LG,11580,12511,08-04-2023
451,Product_451,Electronics,HP,17025,20536,18-09-2020
452,Product_452,Home,Ikea,12398,17094,18-04-2020
453,Product_453,Electronics,Lenovo,18651,21793,12-08-2020
454,Product_454,Home,Ikea,8008,11744,09-12-2023
455,Product_455,Beauty,Loreal,12843,16369,20-02-2022
456,Product_456,Beauty,Dove,7221,8841,30-08-2022
457,Product_457,Fashion,Adidas,18500,21850,07-01-2022
458,Product_458,Beauty,Maybelline,9752,10980,02-10-2020
459,Product_459,Electronics,Apple,814,2193,17-01-2024
460,Product_460,Beauty,Nivea,4749,5642,08-10-2020
461,Product_461,Beauty,Nivea,14249,15921,19-07-2022
462,Product_462,Beauty,Dove,15047,18398,28-12-2021
463,Product_463,Fashion,Adidas,14218,14478,29-03-2023
464,Product_464,Beauty,Maybelline,16740,19145,21-04-2022
465,Product_465,Home,Ikea,1540,6394,16-09-2022
466,Product_466,Home,Ikea,19314,23458,15-11-2023
467,Product_467,Electronics,Samsung,17549,20038,10-08-2022
468,Product_468,Electronics,HP,3198,5406,25-08-2022
469,Product_469,Electronics,Lenovo,17968,22916,01-10-2021
470,Product_470,Electronics,Sony,17831,18119,18-08-2022
471,Product_471,Beauty,Dove,15675,20576,09-11-2021
472,Product_472,Beauty,Loreal,9954,12523,09-12-2020
473,Product_473,Electronics,Lenovo,19883,22573,28-01-2024
474,Product_474,Home,Ikea,15804,20740,12-12-2020
475,Product_475,Electronics,Lenovo,9860,10283,10-08-2021
476,Product_476,Beauty,Lakme,4455,8796,06-06-2020
477,Product_477,Home,Prestige,4643,7144,17-07-2021
478,Product_478,Home,Ikea,3955,5585,26-04-2023
479,Product_479,Fashion,H&M,14935,18164,25-12-2020
480,Product_480,Home,Philips,16189,17870,16-12-2022
481,Product_481,Electronics,Sony,3065,4453,04-05-2023
482,Product_482,Fashion,Levis,13831,17169,02-05-2021
483,Product_483,Beauty,Maybelline,7209,12141,07-12-2021
484,Product_484,Electronics,Lenovo,8963,10113,17-04-2020
485,Product_485,Fashion,Levis,13366,17467,09-09-2021
486,Product_486,Beauty,Dove,7956,11267,31-10-2023
487,Product_487,Beauty,Nivea,8905,10294,22-12-2022
488,Product_488,Beauty,Lakme,9763,13639,21-02-2022
489,Product_489,Home,Whirlpool,1644,2641,24-12-2022
490,Product_490,Home,LG,9232,12176,07-07-2021
491,Product_491,Home,Ikea,8667,13652,12-03-2022
492,Product_492,Beauty,Maybelline,19591,21387,30-11-2022
493,Product_493,Home,Philips,10565,15251,22-01-2020
494,Product_494,Electronics,OnePlus,2526,2823,22-04-2022
495,Product_495,Electronics,HP,3704,7557,20-12-2021
496,Product_496,Fashion,H&M,9583,11846,30-01-2021
497,Product_497,Electronics,Apple,3312,3977,01-05-2023
498,Product_498,Fashion,Zara,4290,5472,25-06-2020
499,Product_499,Fashion,Levis,18848,20561,15-08-2020
500,Product_500,Fashion,Puma,9952,13977,14-09-2023
501,Product_501,Electronics,Lenovo,15158,17622,24-05-2022
502,Product_502,Home,Prestige,5607,6413,21-07-2021
503,Product_503,Electronics,Dell,13033,15958,03-05-2020
504,Product_504,Home,Prestige,6130,9939,22-05-2020
505,Product_505,Beauty,Maybelline,13165,14826,14-08-2023
506,Product_506,Beauty,Lakme,5014,9642,02-06-2022
507,Product_507,Fashion,Zara,3781,7598,05-01-2024
508,Product_508,Home,Ikea,1442,2239,24-05-2020
509,Product_509,Home,LG,914,5191,31-10-2020
510,Product_510,Electronics,Apple,13095,15477,06-11-2020
511,Product_511,Home,LG,19129,19359,21-11-2022
512,Product_512,Beauty,Nivea,14588,18096,30-01-2024
513,Product_513,Electronics,HP,7700,7927,26-02-2022
514,Product_514,Beauty,Lakme,18887,23472,05-01-2022
515,Product_515,Home,Prestige,13427,14079,18-07-2023
516,Product_516,Electronics,Sony,17818,20803,13-06-2020
517,Product_517,Beauty,Loreal,6955,8601,09-02-2023
518,Product_518,Electronics,Dell,6558,9206,26-11-2023
519,Product_519,Beauty,Lakme,12072,16257,22-06-2020
520,Product_520,Beauty,Maybelline,4885,5377,30-01-2021
521,Product_521,Electronics,Lenovo,19729,21882,28-09-2022
522,Product_522,Beauty,Lakme,18012,20732,20-10-2022
523,Product_523,Beauty,Lakme,1513,4492,24-04-2020
524,Product_524,Home,Ikea,13587,14755,09-03-2021
525,Product_525,Beauty,Dove,5180,10126,22-04-2021
526,Product_526,Electronics,Apple,4939,9144,01-09-2023
527,Product_527,Electronics,Dell,1800,3988,07-12-2023
528,Product_528,Fashion,Nike,5944,6553,21-09-2021
529,Product_529,Electronics,Dell,5893,6616,05-08-2020
530,Product_530,Electronics,Dell,19796,21802,09-05-2020
531,Product_531,Fashion,Levis,11354,14847,26-10-2021
532,Product_532,Electronics,Lenovo,19173,23844,08-10-2020
533,Product_533,Home,Philips,1793,3413,18-11-2021
534,Product_534,Electronics,Apple,9274,10631,30-04-2022
535,Product_535,Fashion,H&M,12421,17154,03-12-2020
536,Product_536,Beauty,Maybelline,19370,19903,30-09-2020
537,Product_537,Electronics,OnePlus,12625,14117,02-02-2020
538,Product_538,Beauty,Lakme,508,767,02-01-2021
539,Product_539,Electronics,Lenovo,19755,22279,02-05-2022
540,Product_540,Beauty,Maybelline,7055,8427,03-08-2023
541,Product_541,Home,Whirlpool,15059,18634,04-05-2021
542,Product_542,Fashion,Zara,1532,3206,08-01-2024
543,Product_543,Beauty,Dove,3184,5851,13-12-2021
544,Product_544,Beauty,Lakme,18575,20705,28-01-2021
545,Product_545,Electronics,HP,3435,6599,10-01-2023
546,Product_546,Fashion,Levis,7119,9583,18-04-2020
547,Product_547,Fashion,Nike,5189,9275,15-10-2022
548,Product_548,Fashion,Adidas,1712,2354,13-08-2023
549,Product_549,Home,Prestige,7167,10927,29-05-2021
550,Product_550,Home,Whirlpool,15148,15702,01-08-2020
551,Product_551,Electronics,HP,6063,7557,29-02-2020
552,Product_552,Beauty,Dove,4103,4883,26-04-2021
553,Product_553,Beauty,Dove,19297,22167,08-05-2022
554,Product_554,Fashion,H&M,10972,13056,13-08-2020
555,Product_555,Home,Philips,3513,5655,24-04-2022
556,Product_556,Fashion,Levis,7530,8332,22-08-2022
557,Product_557,Beauty,Lakme,14582,15969,18-03-2021
558,Product_558,Beauty,Maybelline,12992,16251,06-10-2020
559,Product_559,Beauty,Maybelline,12050,14459,18-02-2021
560,Product_560,Home,Philips,1351,6209,02-05-2020
561,Product_561,Home,Philips,3940,7953,28-07-2022
562,Product_562,Beauty,Maybelline,11558,13559,27-08-2021
563,Product_563,Fashion,H&M,5868,10803,06-02-2023
564,Product_564,Fashion,Nike,13790,18264,28-09-2022
565,Product_565,Fashion,Zara,15815,19805,25-07-2021
566,Product_566,Electronics,Lenovo,14328,16548,22-05-2021
567,Product_567,Home,LG,19287,21308,26-04-2023
568,Product_568,Fashion,Zara,466,4088,31-03-2020
569,Product_569,Electronics,Dell,16822,17297,21-05-2022
570,Product_570,Beauty,Nivea,3511,7417,11-10-2022
571,Product_571,Fashion,Nike,18600,18901,20-11-2023
572,Product_572,Beauty,Maybelline,4648,7784,28-08-2021
573,Product_573,Fashion,H&M,3273,3603,09-09-2022
574,Product_574,Home,Philips,15349,20221,10-04-2023
575,Product_575,Electronics,Dell,15496,16831,11-12-2023
576,Product_576,Beauty,Maybelline,12437,16440,12-12-2023
577,Product_577,Electronics,OnePlus,2616,5968,15-11-2023
578,Product_578,Home,Whirlpool,1371,4000,22-05-2022
579,Product_579,Home,Whirlpool,18074,22986,28-02-2021
580,Product_580,Electronics,HP,11300,11949,20-11-2022
581,Product_581,Home,Ikea,3936,7273,18-01-2022
582,Product_582,Beauty,Dove,1639,4833,20-01-2022
583,Product_583,Fashion,H&M,18610,19358,22-02-2023
584,Product_584,Fashion,Adidas,11274,13428,10-01-2023
585,Product_585,Electronics,Lenovo,15979,20931,10-12-2023
586,Product_586,Fashion,H&M,7687,10512,23-12-2021
587,Product_587,Home,Whirlpool,14158,16628,21-04-2020
588,Product_588,Electronics,Sony,11612,15518,22-09-2022
589,Product_589,Electronics,Dell,17729,22294,21-08-2021
590,Product_590,Beauty,Dove,12363,13100,20-01-2021
591,Product_591,Beauty,Lakme,2927,6327,01-01-2021
592,Product_592,Home,Ikea,3883,5432,19-07-2021
593,Product_593,Electronics,Lenovo,5148,9413,04-11-2020
594,Product_594,Fashion,Zara,1043,3644,03-05-2022
595,Product_595,Fashion,Levis,11660,15301,28-06-2022
596,Product_596,Electronics,Sony,6495,7210,15-02-2020
597,Product_597,Fashion,Zara,11306,14878,31-03-2023
598,Product_598,Home,Prestige,16230,20773,28-01-2023
599,Product_599,Beauty,Nivea,10264,15110,27-09-2020
600,Product_600,Home,Philips,8819,10876,18-09-2022
601,Product_601,Home,Prestige,1850,3265,24-12-2021
602,Product_602,Home,LG,5751,7268,28-12-2023
603,Product_603,Home,Philips,6046,7503,26-11-2020
604,Product_604,Fashion,Nike,1648,4441,22-03-2023
605,Product_605,Fashion,Levis,8833,12061,12-01-2021
606,Product_606,Fashion,Zara,1436,4232,05-12-2021
607,Product_607,Fashion,Puma,14994,19616,28-11-2020
608,Product_608,Home,Ikea,1116,4630,19-10-2022
609,Product_609,Fashion,Levis,10792,12270,09-01-2020
610,Product_610,Home,Prestige,15829,18403,20-03-2023
611,Product_611,Fashion,Zara,14786,17760,12-11-2023
612,Product_612,Electronics,Lenovo,15995,16523,12-10-2020
613,Product_613,Electronics,Sony,1112,4602,18-06-2023
614,Product_614,Fashion,Levis,12011,12968,30-10-2021
615,Product_615,Electronics,HP,6694,11673,14-12-2022
616,Product_616,Fashion,Puma,6713,7097,20-06-2020
617,Product_617,Beauty,Lakme,17070,20501,02-02-2021
618,Product_618,Beauty,Loreal,17062,17721,27-09-2023
619,Product_619,Home,LG,5147,8850,27-01-2022
620,Product_620,Beauty,Loreal,699,3230,07-12-2021
621,Product_621,Home,Prestige,14900,19695,28-06-2020
622,Product_622,Fashion,H&M,14856,18460,25-06-2022
623,Product_623,Home,Philips,14188,17781,12-10-2020
624,Product_624,Electronics,Samsung,7108,9792,30-08-2022
625,Product_625,Home,Ikea,19655,22933,30-06-2020
626,Product_626,Electronics,Dell,9256,12851,24-12-2020
627,Product_627,Beauty,Dove,4786,6618,15-01-2021
628,Product_628,Beauty,Loreal,18449,22667,27-03-2020
629,Product_629,Home,Whirlpool,10258,14505,19-02-2023
630,Product_630,Beauty,Maybelline,1179,1399,11-11-2020
631,Product_631,Home,Prestige,15784,17001,01-09-2023
632,Product_632,Home,LG,6177,10406,09-11-2023
633,Product_633,Fashion,Nike,4211,6681,06-10-2022
634,Product_634,Electronics,HP,12154,17114,11-09-2022
635,Product_635,Beauty,Loreal,15898,17077,03-02-2022
636,Product_636,Electronics,OnePlus,8804,10338,06-04-2023
637,Product_637,Electronics,Samsung,10775,14751,20-11-2023
638,Product_638,Fashion,Puma,5651,6284,12-07-2021
639,Product_639,Home,LG,11964,12563,16-08-2021
640,Product_640,Home,Whirlpool,2817,7226,31-01-2021
641,Product_641,Fashion,Nike,19920,21489,18-01-2023
642,Product_642,Home,Prestige,10165,12588,04-11-2023
643,Product_643,Home,Ikea,17811,22762,21-12-2021
644,Product_644,Fashion,Nike,4787,9231,30-07-2021
645,Product_645,Home,LG,13800,16787,29-11-2020
646,Product_646,Electronics,Samsung,5364,9687,28-03-2021
647,Product_647,Fashion,Zara,17524,22082,30-12-2023
648,Product_648,Electronics,Dell,15389,16214,26-08-2020
649,Product_649,Fashion,Nike,16012,19064,30-09-2021
650,Product_650,Home,Philips,14781,19266,01-12-2021
651,Product_651,Fashion,H&M,10283,10718,30-08-2020
652,Product_652,Fashion,Adidas,4964,7020,21-09-2021
653,Product_653,Fashion,Adidas,4566,5409,20-05-2022
654,Product_654,Electronics,Apple,916,5083,02-06-2022
655,Product_655,Electronics,Samsung,3832,4300,13-09-2023
656,Product_656,Electronics,Dell,4196,6468,29-03-2020
657,Product_657,Electronics,Sony,636,1626,10-09-2020
658,Product_658,Fashion,Zara,6854,8567,05-10-2023
659,Product_659,Home,Ikea,3274,4666,22-07-2021
660,Product_660,Home,Prestige,5561,9862,01-02-2024
661,Product_661,Fashion,Zara,18985,19744,21-07-2020
662,Product_662,Electronics,HP,7410,9179,31-07-2021
663,Product_663,Fashion,Zara,441,1449,14-03-2021
664,Product_664,Beauty,Loreal,19612,21328,19-06-2022
665,Product_665,Electronics,Samsung,11926,15235,18-05-2022
666,Product_666,Fashion,Zara,7756,11294,19-08-2020
667,Product_667,Home,Ikea,15566,16669,30-11-2022
668,Product_668,Fashion,Levis,12137,14698,15-02-2023
669,Product_669,Electronics,Apple,11051,15295,24-08-2020
670,Product_670,Beauty,Loreal,15273,18028,08-11-2023
671,Product_671,Beauty,Maybelline,18450,21986,18-08-2021
672,Product_672,Beauty,Maybelline,2580,6676,22-10-2023
673,Product_673,Home,Philips,718,4945,08-10-2023
674,Product_674,Electronics,Dell,14654,19135,10-09-2023
675,Product_675,Electronics,Apple,4997,8431,31-03-2022
676,Product_676,Electronics,Lenovo,5828,6558,14-01-2022
677,Product_677,Fashion,Puma,6862,10373,08-09-2020
678,Product_678,Fashion,Levis,16654,19135,01-01-2024
679,Product_679,Home,LG,11968,16065,27-09-2023
680,Product_680,Beauty,Nivea,17058,19542,28-10-2020
681,Product_681,Beauty,Lakme,4303,6556,29-09-2022
682,Product_682,Beauty,Maybelline,4710,5153,22-07-2020
683,Product_683,Electronics,OnePlus,2535,6815,20-10-2023
684,Product_684,Electronics,Samsung,12838,15716,08-11-2020
685,Product_685,Home,Whirlpool,3456,4282,15-09-2023
686,Product_686,Beauty,Nivea,6916,9520,17-09-2023
687,Product_687,Beauty,Nivea,16841,19184,15-01-2023
688,Product_688,Home,Whirlpool,18211,18555,05-03-2020
689,Product_689,Beauty,Lakme,12870,16757,06-10-2021
690,Product_690,Beauty,Nivea,15362,15856,08-03-2020
691,Product_691,Fashion,Zara,10230,11774,03-10-2022
692,Product_692,Beauty,Maybelline,10538,13925,25-09-2022
693,Product_693,Electronics,HP,16374,21110,04-11-2023
694,Product_694,Beauty,Nivea,18723,20203,03-11-2022
695,Product_695,Electronics,Dell,8930,13182,25-04-2023
696,Product_696,Beauty,Dove,11859,14389,18-10-2021
697,Product_697,Electronics,Apple,19648,20217,19-09-2020
698,Product_698,Home,Prestige,19435,19855,04-07-2023
699,Product_699,Home,LG,3489,7196,07-12-2021
700,Product_700,Home,LG,11810,12472,16-09-2023
701,Product_701,Fashion,Adidas,7988,10744,28-04-2023
702,Product_702,Electronics,Lenovo,2446,5143,22-08-2020
703,Product_703,Home,Philips,945,5555,29-10-2021
704,Product_704,Electronics,Dell,14143,18996,20-11-2022
705,Product_705,Beauty,Loreal,968,5015,19-04-2023
706,Product_706,Electronics,Sony,12677,17549,10-03-2022
707,Product_707,Home,Whirlpool,3502,7702,23-07-2020
708,Product_708,Fashion,Puma,16576,20894,28-09-2023
709,Product_709,Home,Philips,10114,13290,11-06-2022
710,Product_710,Fashion,Levis,2768,7357,14-03-2021
711,Product_711,Home,Prestige,1857,4492,20-03-2023
712,Product_712,Beauty,Maybelline,3313,8249,13-07-2020
713,Product_713,Home,Prestige,2504,7344,23-12-2022
714,Product_714,Beauty,Nivea,7172,10217,06-06-2020
715,Product_715,Home,Whirlpool,10127,13873,20-09-2023
716,Product_716,Home,Philips,13876,17371,29-05-2021
717,Product_717,Beauty,Dove,6217,6569,09-07-2023
718,Product_718,Fashion,Zara,16657,18601,15-09-2023
719,Product_719,Beauty,Loreal,17756,21509,05-03-2023
720,Product_720,Electronics,HP,6874,10058,05-08-2022
721,Product_721,Fashion,Adidas,5230,7889,10-06-2022
722,Product_722,Beauty,Loreal,2411,4278,24-04-2022
723,Product_723,Home,Prestige,5562,7862,07-11-2023
724,Product_724,Fashion,Levis,8114,9244,03-11-2020
725,Product_725,Fashion,Nike,8347,11090,08-08-2022
726,Product_726,Beauty,Dove,14591,18248,17-08-2023
727,Product_727,Electronics,Samsung,5521,7955,06-10-2020
728,Product_728,Electronics,Sony,9402,14113,26-12-2020
729,Product_729,Electronics,Lenovo,16220,16583,23-04-2020
730,Product_730,Electronics,Sony,10064,10784,13-04-2022
731,Product_731,Home,Ikea,13305,14656,28-04-2021
732,Product_732,Electronics,HP,16692,17880,04-12-2022
733,Product_733,Home,LG,3257,5407,13-05-2023
734,Product_734,Electronics,OnePlus,10569,13466,11-04-2023
735,Product_735,Beauty,Maybelline,14156,16141,22-10-2020
736,Product_736,Electronics,Samsung,7315,9764,19-06-2022
737,Product_737,Beauty,Loreal,19616,20274,01-10-2022
738,Product_738,Home,Ikea,10670,15340,17-05-2022
739,Product_739,Beauty,Maybelline,9400,10787,13-01-2022
740,Product_740,Beauty,Loreal,10398,10770,14-08-2023
741,Product_741,Electronics,OnePlus,2091,4254,02-06-2021
742,Product_742,Beauty,Loreal,12190,13389,31-12-2022
743,Product_743,Fashion,Levis,13029,13293,15-03-2022
744,Product_744,Home,Prestige,3257,5385,01-09-2021
745,Product_745,Fashion,Adidas,14680,17478,12-08-2023
746,Product_746,Beauty,Lakme,9279,10135,03-10-2022
747,Product_747,Beauty,Nivea,11202,14862,24-07-2020
748,Product_748,Fashion,H&M,8851,13198,15-05-2020
749,Product_749,Home,LG,18247,21123,17-07-2022
750,Product_750,Electronics,OnePlus,2007,3712,14-07-2023
751,Product_751,Beauty,Maybelline,400,3882,13-02-2021
752,Product_752,Home,Prestige,19168,20041,14-08-2020
753,Product_753,Fashion,Adidas,17220,18485,01-05-2023
754,Product_754,Beauty,Loreal,15094,19212,30-09-2020
755,Product_755,Home,Philips,19732,22615,31-07-2021
756,Product_756,Fashion,Nike,13882,17093,07-01-2021
757,Product_757,Beauty,Nivea,18990,21028,12-02-2020
758,Product_758,Electronics,HP,7794,8722,05-08-2022
759,Product_759,Fashion,Puma,5829,6436,01-04-2022
760,Product_760,Beauty,Dove,8824,10246,01-07-2020
761,Product_761,Home,Philips,18887,20048,29-01-2020
762,Product_762,Beauty,Nivea,16492,17662,04-04-2021
763,Product_763,Fashion,Adidas,9022,11580,09-10-2022
764,Product_764,Beauty,Maybelline,14433,16325,13-05-2023
765,Product_765,Fashion,Puma,6505,10131,04-01-2021
766,Product_766,Beauty,Maybelline,1242,3819,20-06-2021
767,Product_767,Fashion,Zara,15077,17311,27-01-2022
768,Product_768,Beauty,Lakme,638,4679,29-09-2020
769,Product_769,Home,LG,7253,10594,21-12-2023
770,Product_770,Beauty,Dove,8696,9494,14-07-2020
771,Product_771,Electronics,Apple,11207,13330,22-08-2022
772,Product_772,Home,Whirlpool,19902,20474,11-01-2020
773,Product_773,Home,Whirlpool,12782,15460,19-03-2022
774,Product_774,Home,Philips,18635,19171,03-04-2023
775,Product_775,Fashion,Puma,5866,10192,06-10-2022
776,Product_776,Home,LG,4622,5556,11-10-2021
777,Product_777,Beauty,Maybelline,8832,9989,03-10-2021
778,Product_778,Electronics,Samsung,16658,19159,08-01-2022
779,Product_779,Beauty,Loreal,8925,11285,24-11-2022
780,Product_780,Home,LG,5706,8490,03-10-2022
781,Product_781,Fashion,Zara,14717,15352,21-01-2021
782,Product_782,Fashion,Nike,7832,9532,14-03-2020
783,Product_783,Beauty,Loreal,5659,9685,12-06-2022
784,Product_784,Electronics,Dell,1636,5452,31-12-2021
785,Product_785,Beauty,Nivea,16454,17575,14-01-2024
786,Product_786,Fashion,Nike,11755,12721,21-02-2021
787,Product_787,Home,Philips,5814,10181,12-07-2021
788,Product_788,Fashion,Zara,435,4944,14-03-2023
789,Product_789,Fashion,Levis,2817,5033,17-10-2022
790,Product_790,Electronics,Sony,1150,3678,27-10-2023
791,Product_791,Electronics,Dell,12540,13608,24-10-2021
792,Product_792,Fashion,Nike,2956,6926,20-12-2023
793,Product_793,Beauty,Nivea,9125,9372,05-11-2021
794,Product_794,Electronics,Lenovo,15147,18008,07-02-2024
795,Product_795,Fashion,Adidas,1895,4412,23-10-2021
796,Product_796,Electronics,Lenovo,2617,7299,18-05-2023
797,Product_797,Beauty,Lakme,13369,15659,30-12-2020
798,Product_798,Fashion,Levis,3222,3590,02-03-2021
799,Product_799,Fashion,Levis,13485,16019,18-08-2023
800,Product_800,Fashion,Nike,10082,14303,04-06-2022
801,Product_801,Home,Whirlpool,4602,7743,24-09-2023
802,Product_802,Electronics,OnePlus,12340,16739,13-02-2021
803,Product_803,Beauty,Nivea,13016,17118,03-07-2021
804,Product_804,Beauty,Lakme,14145,17361,11-06-2023
805,Product_805,Fashion,Levis,14259,15220,23-03-2020
806,Product_806,Home,LG,7647,9117,11-10-2022
807,Product_807,Electronics,Sony,15642,19424,11-06-2020
808,Product_808,Beauty,Loreal,5169,6415,02-11-2023
809,Product_809,Home,Philips,17440,21143,28-08-2021
810,Product_810,Electronics,HP,2807,3376,17-11-2022
811,Product_811,Electronics,HP,14223,17806,12-07-2020
812,Product_812,Beauty,Dove,8602,11713,05-06-2021
813,Product_813,Electronics,OnePlus,16796,17129,21-08-2020
814,Product_814,Beauty,Maybelline,6270,9689,02-04-2020
815,Product_815,Electronics,Dell,10053,12824,17-04-2023
816,Product_816,Beauty,Nivea,8985,11981,18-01-2021
817,Product_817,Fashion,Adidas,2863,5187,11-10-2023
818,Product_818,Electronics,Dell,17810,18156,12-01-2020
819,Product_819,Beauty,Lakme,735,2341,05-09-2023
820,Product_820,Beauty,Nivea,13574,17761,12-09-2021
821,Product_821,Home,LG,10217,11134,13-09-2020
822,Product_822,Fashion,Nike,6552,7668,02-02-2020
823,Product_823,Fashion,Nike,7156,11297,21-08-2023
824,Product_824,Fashion,H&M,8222,11991,06-07-2023
825,Product_825,Fashion,Nike,10160,14156,30-10-2020
826,Product_826,Beauty,Nivea,1014,2168,06-12-2020
827,Product_827,Fashion,H&M,14890,19063,23-08-2022
828,Product_828,Electronics,OnePlus,15029,20023,11-05-2021
829,Product_829,Fashion,Puma,18959,22368,14-04-2020
830,Product_830,Home,Ikea,3664,7401,01-05-2022
831,Product_831,Beauty,Dove,19824,24564,18-08-2021
832,Product_832,Electronics,Dell,13396,17578,17-11-2022
833,Product_833,Beauty,Maybelline,2289,6816,08-02-2020
834,Product_834,Beauty,Dove,10649,15381,10-05-2020
835,Product_835,Home,LG,15810,16967,10-10-2022
836,Product_836,Home,LG,14594,14964,26-11-2020
837,Product_837,Home,Philips,15676,18692,16-06-2022
838,Product_838,Fashion,Zara,7499,10477,18-05-2023
839,Product_839,Beauty,Maybelline,9913,13310,03-05-2022
840,Product_840,Home,LG,5609,7506,01-08-2021
841,Product_841,Electronics,Lenovo,16123,17380,20-12-2020
842,Product_842,Fashion,Adidas,16427,17453,01-05-2022
843,Product_843,Beauty,Loreal,7991,9906,14-02-2023
844,Product_844,Electronics,Apple,12056,14392,01-01-2022
845,Product_845,Fashion,Adidas,16797,17258,10-05-2020
846,Product_846,Home,LG,4034,6091,04-09-2020
847,Product_847,Fashion,Levis,8748,11735,28-12-2021
848,Product_848,Electronics,OnePlus,18552,20943,05-11-2020
849,Product_849,Electronics,Lenovo,1952,5738,25-07-2022
850,Product_850,Electronics,Apple,3638,8445,26-03-2020
851,Product_851,Electronics,Samsung,4168,6050,10-01-2022
852,Product_852,Fashion,H&M,9872,13688,02-11-2022
853,Product_853,Beauty,Lakme,5355,8534,16-11-2021
854,Product_854,Fashion,Nike,6915,10712,01-05-2022
855,Product_855,Electronics,Samsung,15821,18817,10-08-2021
856,Product_856,Fashion,Nike,9016,12266,04-01-2024
857,Product_857,Beauty,Loreal,8342,9783,20-12-2022
858,Product_858,Beauty,Maybelline,4821,8533,26-04-2022
859,Product_859,Beauty,Nivea,17213,20376,01-03-2020
860,Product_860,Beauty,Maybelline,625,5063,22-05-2020
861,Product_861,Electronics,Sony,10615,14105,02-12-2020
862,Product_862,Beauty,Lakme,13186,13689,14-09-2023
863,Product_863,Fashion,Zara,2194,6652,28-08-2021
864,Product_864,Beauty,Nivea,18440,21133,17-01-2024
865,Product_865,Home,Prestige,558,3049,16-12-2022
866,Product_866,Fashion,H&M,13536,17391,11-08-2023
867,Product_867,Fashion,Zara,14788,17816,21-08-2023
868,Product_868,Beauty,Maybelline,10180,11070,16-03-2020
869,Product_869,Home,LG,4428,8891,12-01-2023
870,Product_870,Home,Philips,3341,7732,04-02-2023
871,Product_871,Home,Whirlpool,11464,12974,17-02-2020
872,Product_872,Electronics,OnePlus,17992,20311,09-05-2021
873,Product_873,Home,LG,16856,17960,08-02-2024
874,Product_874,Electronics,OnePlus,12521,14848,08-07-2023
875,Product_875,Home,Ikea,1864,3085,08-07-2022
876,Product_876,Home,Whirlpool,470,4382,25-11-2021
877,Product_877,Fashion,H&M,19357,24190,03-01-2024
878,Product_878,Fashion,Puma,10104,12634,27-09-2023
879,Product_879,Fashion,H&M,12675,17132,22-05-2021
880,Product_880,Electronics,Sony,17223,22193,29-01-2021
881,Product_881,Home,LG,3510,4910,28-12-2023
882,Product_882,Beauty,Nivea,2985,3940,07-05-2020
883,Product_883,Beauty,Maybelline,15905,17864,02-07-2022
884,Product_884,Electronics,Sony,17544,21043,19-04-2023
885,Product_885,Beauty,Loreal,19446,23732,27-07-2023
886,Product_886,Beauty,Nivea,16341,19956,29-11-2020
887,Product_887,Fashion,Zara,4465,8636,27-12-2023
888,Product_888,Beauty,Maybelline,17116,21650,29-08-2020
889,Product_889,Fashion,Levis,15810,16277,17-11-2020
890,Product_890,Home,Ikea,13689,14792,04-09-2020
891,Product_891,Home,Whirlpool,9789,10318,06-12-2022
892,Product_892,Fashion,Nike,12472,15169,05-02-2022
893,Product_893,Home,Prestige,16222,16651,19-10-2020
894,Product_894,Fashion,Zara,14120,14718,16-09-2021
895,Product_895,Home,Philips,6299,10503,05-01-2020
896,Product_896,Electronics,HP,11724,12477,01-04-2020
897,Product_897,Beauty,Nivea,19078,21815,04-03-2023
898,Product_898,Beauty,Loreal,12663,16756,14-01-2024
899,Product_899,Fashion,Adidas,16840,20815,10-07-2022
900,Product_900,Beauty,Maybelline,10956,11887,03-07-2023
901,Product_901,Beauty,Nivea,7929,11368,25-11-2021
902,Product_902,Electronics,Lenovo,14819,17291,15-08-2023
903,Product_903,Electronics,OnePlus,5726,6129,17-03-2023
904,Product_904,Home,Whirlpool,4356,9138,23-06-2020
905,Product_905,Fashion,Zara,18054,22979,18-04-2020
906,Product_906,Fashion,Levis,16770,17122,03-09-2020
907,Product_907,Fashion,Nike,9309,11194,17-05-2021
908,Product_908,Beauty,Lakme,17783,20607,02-04-2022
909,Product_909,Electronics,Dell,1062,4046,14-06-2022
910,Product_910,Fashion,Levis,1088,5612,11-10-2021
911,Product_911,Beauty,Loreal,3282,4421,22-07-2020
912,Product_912,Fashion,Puma,5019,6715,07-06-2021
913,Product_913,Electronics,Samsung,10353,13889,21-10-2023
914,Product_914,Fashion,Nike,10959,12645,25-02-2020
915,Product_915,Electronics,Sony,13077,14085,17-10-2021
916,Product_916,Fashion,Levis,10923,13235,08-02-2022
917,Product_917,Electronics,Apple,6937,9099,07-05-2023
918,Product_918,Fashion,Levis,16966,21298,27-02-2022
919,Product_919,Electronics,Sony,2286,5093,09-08-2022
920,Product_920,Beauty,Lakme,16165,16601,14-04-2022
921,Product_921,Fashion,Nike,9119,13857,15-04-2023
922,Product_922,Electronics,Samsung,18476,19704,15-09-2021
923,Product_923,Beauty,Nivea,3049,7348,20-02-2021
924,Product_924,Fashion,Puma,18009,19586,17-05-2021
925,Product_925,Beauty,Dove,15102,15644,03-01-2020
926,Product_926,Beauty,Dove,9778,11349,02-01-2020
927,Product_927,Electronics,Dell,9255,11510,24-10-2023
928,Product_928,Beauty,Loreal,7271,12264,11-11-2022
929,Product_929,Home,Ikea,5589,10164,27-02-2023
930,Product_930,Electronics,Sony,3239,6677,01-12-2023
931,Product_931,Electronics,OnePlus,4876,9634,26-07-2021
932,Product_932,Beauty,Maybelline,16841,19648,28-10-2023
933,Product_933,Home,Prestige,15134,17570,18-05-2021
934,Product_934,Home,Prestige,7201,11167,12-05-2023
935,Product_935,Home,Ikea,4681,4897,31-05-2023
936,Product_936,Beauty,Lakme,613,2234,26-04-2022
937,Product_937,Beauty,Nivea,17933,18797,22-08-2023
938,Product_938,Electronics,HP,1314,5160,08-10-2023
939,Product_939,Electronics,Sony,12633,15765,03-03-2022
940,Product_940,Fashion,H&M,576,1798,05-08-2022
941,Product_941,Home,Philips,14867,15143,29-03-2021
942,Product_942,Electronics,OnePlus,9512,12643,27-01-2021
943,Product_943,Electronics,OnePlus,10234,12245,24-04-2021
944,Product_944,Beauty,Loreal,1505,4004,06-10-2022
945,Product_945,Fashion,Nike,6725,10169,15-08-2020
946,Product_946,Home,Whirlpool,16694,20940,15-12-2020
947,Product_947,Fashion,H&M,18837,23666,25-12-2020
948,Product_948,Electronics,HP,4502,5234,17-09-2020
949,Product_949,Home,Whirlpool,7769,12254,01-02-2024
950,Product_950,Home,Philips,1057,5622,12-06-2023
951,Product_951,Home,Whirlpool,15174,15390,24-05-2022
952,Product_952,Electronics,OnePlus,10884,14627,13-04-2022
953,Product_953,Home,Ikea,17283,21305,11-10-2022
954,Product_954,Home,Whirlpool,1724,3763,06-04-2020
955,Product_955,Home,LG,17746,21623,09-10-2021
956,Product_956,Electronics,Dell,6676,9617,16-06-2020
957,Product_957,Electronics,Lenovo,7693,11364,01-06-2020
958,Product_958,Fashion,Adidas,5689,8586,28-09-2021
959,Product_959,Electronics,Lenovo,3469,3897,09-09-2022
960,Product_960,Beauty,Lakme,19716,22654,27-05-2021
961,Product_961,Fashion,Nike,15818,17970,28-11-2021
962,Product_962,Electronics,OnePlus,11231,15688,29-04-2021
963,Product_963,Electronics,OnePlus,19959,23751,14-07-2020
964,Product_964,Beauty,Dove,4390,5290,04-05-2020
965,Product_965,Electronics,Dell,10565,11297,18-09-2020
966,Product_966,Electronics,OnePlus,14780,15428,09-09-2021
967,Product_967,Beauty,Lakme,3636,4293,19-02-2023
968,Product_968,Electronics,Sony,12799,16289,15-07-2020
969,Product_969,Beauty,Maybelline,19946,20232,17-07-2022
970,Product_970,Beauty,Nivea,14328,15357,26-11-2021
971,Product_971,Electronics,Dell,17248,20136,18-04-2023
972,Product_972,Fashion,Nike,3664,3964,03-05-2023
973,Product_973,Electronics,HP,6644,11539,15-09-2020
974,Product_974,Home,Prestige,14095,18238,24-01-2024
975,Product_975,Beauty,Maybelline,8267,9594,31-03-2020
976,Product_976,Electronics,Samsung,10512,15500,11-06-2022
977,Product_977,Home,Prestige,19425,24058,25-10-2020
978,Product_978,Fashion,Levis,10414,13423,19-08-2021
979,Product_979,Home,Ikea,17263,18647,27-04-2020
980,Product_980,Fashion,Zara,18632,19279,14-05-2022
981,Product_981,Home,Philips,6865,8713,20-05-2020
982,Product_982,Home,Philips,15888,19916,13-05-2023
983,Product_983,Home,Whirlpool,18849,21798,15-06-2023
984,Product_984,Home,LG,11068,12597,02-08-2020
985,Product_985,Beauty,Lakme,16550,18547,08-01-2020
986,Product_986,Fashion,H&M,7845,11866,01-07-2023
987,Product_987,Fashion,Adidas,16053,18968,08-02-2022
988,Product_988,Fashion,Levis,6337,6592,13-01-2022
989,Product_989,Electronics,Apple,12027,12472,10-02-2023
990,Product_990,Electronics,Samsung,9821,13628,02-02-2021
991,Product_991,Home,Ikea,1272,3103,09-02-2021
992,Product_992,Home,Philips,7474,9820,12-01-2024
993,Product_993,Fashion,Puma,18470,20684,31-12-2020
994,Product_994,Fashion,Nike,6069,8413,26-07-2020
995,Product_995,Electronics,OnePlus,4797,8101,03-09-2023
996,Product_996,Electronics,Sony,7189,9888,23-07-2022
997,Product_997,Fashion,Puma,12501,14104,15-12-2022
998,Product_998,Beauty,Lakme,4182,5565,24-09-2020
999,Product_999,Fashion,Adidas,17750,21048,23-11-2023
1000,Product_1000,Home,Prestige,19946,23664,26-07-2023
1001,Product_1001,Fashion,Nike,19545,21294,01-01-2023
1002,Product_1002,Home,Philips,11037,13261,19-04-2020
1003,Product_1003,Home,Philips,16954,21938,28-09-2022
1004,Product_1004,Fashion,H&M,2967,7022,20-09-2023
1005,Product_1005,Electronics,Samsung,16966,20345,14-08-2023
1006,Product_1006,Home,LG,17303,21306,01-01-2021
1007,Product_1007,Home,Prestige,17518,21677,05-01-2024
1008,Product_1008,Beauty,Nivea,9092,14053,01-04-2022
1009,Product_1009,Electronics,Samsung,7493,9355,14-07-2022
1010,Product_1010,Fashion,Levis,7462,10168,20-05-2022
1011,Product_1011,Beauty,Dove,5451,8715,05-06-2021
1012,Product_1012,Electronics,Samsung,3053,5670,29-06-2022
1013,Product_1013,Home,Philips,19435,19972,10-08-2022
1014,Product_1014,Home,LG,15083,19113,04-06-2022
1015,Product_1015,Beauty,Loreal,16603,19400,13-07-2021
1016,Product_1016,Beauty,Lakme,6184,10002,23-04-2021
1017,Product_1017,Home,Ikea,12066,12941,26-08-2021
1018,Product_1018,Electronics,OnePlus,9357,11422,20-07-2020
1019,Product_1019,Electronics,Apple,12104,12617,23-01-2023
1020,Product_1020,Fashion,Puma,6743,9640,27-05-2021
1021,Product_1021,Home,Prestige,6546,7875,06-01-2024
1022,Product_1022,Home,Ikea,10113,12621,10-12-2021
1023,Product_1023,Beauty,Nivea,19303,19600,24-08-2022
1024,Product_1024,Fashion,Levis,7757,9815,21-01-2024
1025,Product_1025,Fashion,Levis,7958,12383,17-04-2023
1026,Product_1026,Beauty,Nivea,11462,12365,03-10-2021
1027,Product_1027,Fashion,Levis,13986,15902,17-06-2022
1028,Product_1028,Beauty,Dove,1286,4555,11-10-2020
1029,Product_1029,Fashion,Puma,617,4911,11-09-2023
1030,Product_1030,Home,Prestige,7688,11321,21-05-2022
1031,Product_1031,Beauty,Dove,10118,12989,17-04-2023
1032,Product_1032,Electronics,HP,1355,2694,10-11-2020
1033,Product_1033,Home,Whirlpool,19104,22506,19-02-2022
1034,Product_1034,Fashion,Levis,2387,6965,02-03-2022
1035,Product_1035,Fashion,Levis,3859,6752,12-03-2023
1036,Product_1036,Beauty,Loreal,3355,4959,01-08-2020
1037,Product_1037,Fashion,Nike,16310,16729,17-01-2021
1038,Product_1038,Fashion,Nike,12944,15469,25-02-2021
1039,Product_1039,Fashion,Puma,17483,18256,20-07-2022
1040,Product_1040,Electronics,Sony,17291,17581,17-12-2020
1041,Product_1041,Home,LG,13115,14601,14-08-2020
1042,Product_1042,Fashion,Zara,14010,18127,20-05-2020
1043,Product_1043,Beauty,Maybelline,4557,6441,26-09-2021
1044,Product_1044,Beauty,Nivea,5502,10413,27-09-2021
1045,Product_1045,Fashion,Zara,15339,17795,17-02-2021
1046,Product_1046,Electronics,Samsung,14905,15629,28-03-2022
1047,Product_1047,Fashion,Zara,11077,15940,02-10-2022
1048,Product_1048,Beauty,Nivea,19178,19698,05-07-2020
1049,Product_1049,Home,LG,11663,14299,11-03-2022
1050,Product_1050,Fashion,Levis,8463,10134,19-06-2023
1051,Product_1051,Beauty,Nivea,12904,14606,01-12-2023
1052,Product_1052,Electronics,Dell,1730,3893,19-11-2020
1053,Product_1053,Home,Whirlpool,9864,10610,30-11-2023
1054,Product_1054,Fashion,Levis,13776,18504,05-09-2020
1055,Product_1055,Home,Ikea,3747,8079,29-10-2021
1056,Product_1056,Beauty,Nivea,5701,7971,28-02-2021
1057,Product_1057,Electronics,Dell,1175,1974,01-08-2023
1058,Product_1058,Beauty,Nivea,11560,15031,02-02-2021
1059,Product_1059,Beauty,Lakme,651,2903,22-08-2020
1060,Product_1060,Fashion,Puma,15512,19683,02-08-2022
1061,Product_1061,Electronics,Apple,18270,20454,01-01-2024
1062,Product_1062,Beauty,Maybelline,15726,18212,26-11-2020
1063,Product_1063,Fashion,Nike,3593,5244,25-08-2021
1064,Product_1064,Electronics,HP,13107,14686,07-06-2020
1065,Product_1065,Electronics,Lenovo,9253,10710,21-06-2022
1066,Product_1066,Home,Philips,7399,7881,14-10-2023
1067,Product_1067,Fashion,Levis,1864,6347,05-08-2023
1068,Product_1068,Electronics,Dell,10403,14240,17-04-2020
1069,Product_1069,Electronics,Apple,12666,14518,26-05-2021
1070,Product_1070,Home,Philips,6853,7801,02-02-2020
1071,Product_1071,Beauty,Lakme,777,3738,28-01-2021
1072,Product_1072,Electronics,Samsung,3465,5040,22-01-2024
1073,Product_1073,Fashion,Nike,13921,18319,08-08-2020
1074,Product_1074,Home,Prestige,18717,20469,03-07-2023
1075,Product_1075,Fashion,Zara,13245,16950,04-09-2020
1076,Product_1076,Fashion,Adidas,3769,6890,24-10-2021
1077,Product_1077,Fashion,Nike,13477,16267,25-01-2020
1078,Product_1078,Beauty,Maybelline,15333,17336,15-05-2020
1079,Product_1079,Home,Whirlpool,12390,12949,17-05-2020
1080,Product_1080,Fashion,Levis,10180,14472,27-07-2020
1081,Product_1081,Fashion,Puma,3404,6261,16-07-2023
1082,Product_1082,Beauty,Maybelline,11180,12816,25-07-2023
1083,Product_1083,Home,LG,2512,5457,06-02-2020
1084,Product_1084,Beauty,Nivea,17045,19149,28-10-2022
1085,Product_1085,Electronics,Samsung,995,2211,24-09-2021
1086,Product_1086,Fashion,H&M,14341,16536,23-06-2023
1087,Product_1087,Electronics,Apple,4807,8075,18-10-2022
1088,Product_1088,Home,Philips,5269,8547,22-02-2021
1089,Product_1089,Electronics,Samsung,19897,23732,04-11-2021
1090,Product_1090,Fashion,Puma,10705,11229,02-12-2022
1091,Product_1091,Beauty,Loreal,1076,3152,09-02-2024
1092,Product_1092,Home,Prestige,8238,10124,09-01-2023
1093,Product_1093,Electronics,Lenovo,8437,10459,30-05-2023
1094,Product_1094,Beauty,Dove,10839,12542,24-06-2022
1095,Product_1095,Electronics,Apple,16410,17183,29-01-2021
1096,Product_1096,Electronics,Lenovo,4937,6809,14-09-2020
1097,Product_1097,Electronics,Samsung,19719,24415,22-02-2021
1098,Product_1098,Fashion,Zara,2861,6552,24-01-2024
1099,Product_1099,Beauty,Loreal,5679,7497,16-05-2021
1100,Product_1100,Beauty,Maybelline,8458,11141,07-08-2021
1101,Product_1101,Beauty,Maybelline,9208,13349,12-06-2020
1102,Product_1102,Home,LG,12677,14251,22-08-2022
1103,Product_1103,Beauty,Nivea,16857,20607,15-11-2020
1104,Product_1104,Beauty,Lakme,12798,16499,19-06-2020
1105,Product_1105,Home,Whirlpool,17902,19353,06-02-2023
1106,Product_1106,Fashion,Puma,12766,16764,18-09-2021
1107,Product_1107,Beauty,Loreal,12592,17397,26-05-2023
1108,Product_1108,Beauty,Lakme,11219,12538,04-01-2024
1109,Product_1109,Beauty,Maybelline,5370,7123,09-01-2020
1110,Product_1110,Electronics,OnePlus,16706,19971,03-10-2022
1111,Product_1111,Beauty,Nivea,13231,16487,25-02-2022
1112,Product_1112,Beauty,Loreal,19577,20360,17-04-2022
1113,Product_1113,Electronics,Apple,12909,17742,28-11-2020
1114,Product_1114,Fashion,Levis,8664,11719,09-11-2022
1115,Product_1115,Beauty,Loreal,2190,5546,18-05-2022
1116,Product_1116,Fashion,Adidas,15954,16436,10-01-2022
1117,Product_1117,Electronics,Lenovo,5145,7485,24-05-2023
1118,Product_1118,Beauty,Maybelline,8632,10858,18-05-2023
1119,Product_1119,Fashion,Nike,4125,5081,12-08-2023
1120,Product_1120,Beauty,Nivea,19507,20365,27-11-2022
1121,Product_1121,Fashion,Levis,5733,9429,01-06-2021
1122,Product_1122,Home,Whirlpool,17771,21106,15-04-2023
1123,Product_1123,Home,LG,3212,4307,26-07-2023
1124,Product_1124,Home,Philips,9115,11031,26-03-2022
1125,Product_1125,Home,Ikea,5818,10046,04-01-2020
1126,Product_1126,Electronics,Apple,13991,18491,03-05-2022
1127,Product_1127,Home,LG,5891,7536,06-02-2022
1128,Product_1128,Fashion,H&M,4701,6523,23-09-2022
1129,Product_1129,Fashion,Zara,3912,7803,07-03-2023
1130,Product_1130,Fashion,Adidas,6884,7567,09-01-2021
1131,Product_1131,Fashion,Puma,13695,17505,07-07-2023
1132,Product_1132,Electronics,OnePlus,5743,6596,23-08-2021
1133,Product_1133,Electronics,Dell,4385,6852,11-05-2020
1134,Product_1134,Home,Ikea,19490,21613,05-09-2022
1135,Product_1135,Beauty,Lakme,611,1311,28-06-2021
1136,Product_1136,Electronics,Lenovo,19385,19927,17-07-2020
1137,Product_1137,Fashion,Zara,537,3814,19-05-2023
1138,Product_1138,Home,LG,15806,18766,22-05-2023
1139,Product_1139,Beauty,Loreal,12449,15459,07-10-2021
1140,Product_1140,Fashion,Puma,13357,16657,04-06-2023
1141,Product_1141,Electronics,Sony,11121,12141,07-01-2020
1142,Product_1142,Beauty,Nivea,4850,5260,17-05-2023
1143,Product_1143,Electronics,OnePlus,17687,20176,03-12-2023
1144,Product_1144,Fashion,Puma,15108,19200,20-11-2022
1145,Product_1145,Beauty,Maybelline,402,3241,04-02-2020
1146,Product_1146,Home,Ikea,10966,14805,23-04-2021
1147,Product_1147,Beauty,Nivea,2966,6019,26-05-2022
1148,Product_1148,Beauty,Lakme,12911,15518,28-05-2023
1149,Product_1149,Fashion,H&M,4991,9451,17-03-2023
1150,Product_1150,Electronics,Samsung,16616,17529,09-09-2021
1151,Product_1151,Beauty,Maybelline,14923,16070,14-09-2022
1152,Product_1152,Fashion,Adidas,7235,8831,13-09-2023
1153,Product_1153,Electronics,Apple,14550,14989,24-11-2020
1154,Product_1154,Home,LG,9486,11491,12-01-2024
1155,Product_1155,Home,LG,4333,5645,30-12-2022
1156,Product_1156,Beauty,Lakme,11205,13238,25-03-2023
1157,Product_1157,Electronics,Lenovo,11546,14834,09-01-2024
1158,Product_1158,Beauty,Dove,14618,16729,02-04-2021
1159,Product_1159,Home,Ikea,9834,10752,16-08-2020
1160,Product_1160,Electronics,Sony,19705,21446,25-08-2020
1161,Product_1161,Home,Philips,10568,13882,27-03-2023
1162,Product_1162,Electronics,Sony,2327,6914,23-01-2021
1163,Product_1163,Beauty,Nivea,10774,13964,23-10-2023
1164,Product_1164,Fashion,Zara,19658,21677,06-08-2020
1165,Product_1165,Beauty,Lakme,17938,21911,09-10-2021
1166,Product_1166,Fashion,Puma,7473,11767,24-10-2023
1167,Product_1167,Beauty,Maybelline,9586,10980,24-09-2023
1168,Product_1168,Electronics,HP,10790,13520,25-10-2022
1169,Product_1169,Electronics,Sony,19107,23225,16-07-2023
1170,Product_1170,Fashion,Levis,9851,13136,30-04-2020
1171,Product_1171,Home,Philips,7201,9244,05-12-2023
1172,Product_1172,Electronics,OnePlus,6166,10359,29-01-2024
1173,Product_1173,Beauty,Loreal,5516,5892,27-01-2023
1174,Product_1174,Beauty,Loreal,14142,18220,14-12-2021
1175,Product_1175,Beauty,Nivea,2653,7177,28-01-2024
1176,Product_1176,Home,Prestige,6692,11381,17-03-2022
1177,Product_1177,Electronics,Samsung,10897,15851,20-04-2020
1178,Product_1178,Home,LG,5663,10591,08-10-2020
1179,Product_1179,Beauty,Nivea,9838,11224,05-03-2021
1180,Product_1180,Fashion,H&M,6711,6985,11-01-2022
1181,Product_1181,Electronics,Lenovo,5136,8420,24-05-2022
1182,Product_1182,Fashion,Nike,3447,6559,28-08-2022
1183,Product_1183,Fashion,Nike,4145,8567,24-08-2023
1184,Product_1184,Home,Whirlpool,14515,15932,08-07-2023
1185,Product_1185,Beauty,Maybelline,1413,2586,08-05-2021
1186,Product_1186,Beauty,Nivea,10218,11831,29-08-2023
1187,Product_1187,Beauty,Lakme,15493,18823,17-07-2021
1188,Product_1188,Beauty,Loreal,680,1863,26-08-2020
1189,Product_1189,Electronics,Apple,16330,20705,05-04-2021
1190,Product_1190,Electronics,HP,19075,23965,09-09-2022
1191,Product_1191,Home,Ikea,19727,21410,25-02-2022
1192,Product_1192,Beauty,Nivea,10076,14957,13-09-2020
1193,Product_1193,Electronics,Sony,2380,6983,13-01-2021
1194,Product_1194,Beauty,Lakme,13203,17958,03-01-2023
1195,Product_1195,Beauty,Lakme,17303,22293,08-01-2023
1196,Product_1196,Electronics,OnePlus,7098,8259,05-01-2021
1197,Product_1197,Fashion,Nike,18477,22340,05-10-2021
1198,Product_1198,Electronics,Apple,4521,9432,26-02-2021
1199,Product_1199,Fashion,Nike,18731,21034,12-03-2020
1200,Product_1200,Electronics,Apple,16885,19530,14-01-2022
1201,Product_1201,Fashion,Levis,302,2536,07-09-2021
1202,Product_1202,Electronics,HP,9914,14489,30-06-2022
1203,Product_1203,Fashion,Zara,16370,19133,06-12-2022
1204,Product_1204,Home,Whirlpool,17936,22318,05-03-2021
1205,Product_1205,Electronics,Lenovo,1765,3907,16-03-2020
1206,Product_1206,Fashion,Adidas,10120,12083,01-10-2020
1207,Product_1207,Fashion,Zara,12065,14537,20-09-2020
1208,Product_1208,Beauty,Lakme,18317,20605,17-06-2021
1209,Product_1209,Beauty,Maybelline,13409,17345,19-06-2020
1210,Product_1210,Home,LG,4993,9583,21-02-2021
1211,Product_1211,Electronics,Lenovo,9127,10905,03-01-2024
1212,Product_1212,Home,Whirlpool,17058,18601,09-05-2022
1213,Product_1213,Fashion,Puma,14509,17813,23-02-2020
1214,Product_1214,Fashion,Nike,9151,10371,24-12-2022
1215,Product_1215,Electronics,Lenovo,18268,21800,15-05-2020
1216,Product_1216,Home,Ikea,12188,15120,13-07-2021
1217,Product_1217,Fashion,Adidas,9266,9546,19-07-2020
1218,Product_1218,Beauty,Maybelline,12707,13767,09-09-2020
1219,Product_1219,Fashion,Zara,10345,14555,14-07-2020
1220,Product_1220,Home,Whirlpool,9540,14258,09-07-2021
1221,Product_1221,Electronics,Apple,5895,8700,08-03-2022
1222,Product_1222,Fashion,Puma,17722,22441,02-05-2023
1223,Product_1223,Beauty,Nivea,19708,20953,14-06-2021
1224,Product_1224,Electronics,Lenovo,17128,18601,08-09-2023
1225,Product_1225,Fashion,Adidas,12712,17561,01-07-2021
1226,Product_1226,Electronics,Lenovo,12429,14669,20-10-2023
1227,Product_1227,Beauty,Nivea,6299,10094,25-12-2021
1228,Product_1228,Beauty,Dove,9698,12157,26-05-2022
1229,Product_1229,Fashion,Puma,3148,5851,12-04-2022
1230,Product_1230,Home,Ikea,2904,3732,03-02-2024
1231,Product_1231,Fashion,Nike,5710,10622,27-04-2020
1232,Product_1232,Electronics,Lenovo,9666,14405,06-10-2022
1233,Product_1233,Electronics,Dell,16968,18285,09-09-2022
1234,Product_1234,Beauty,Dove,17745,18966,10-04-2022
1235,Product_1235,Electronics,HP,6531,6790,02-01-2024
1236,Product_1236,Beauty,Dove,11606,13806,16-09-2023
1237,Product_1237,Electronics,HP,15001,16581,13-10-2023
1238,Product_1238,Fashion,Adidas,2761,5967,30-09-2020
1239,Product_1239,Home,Ikea,14151,18410,15-02-2022
1240,Product_1240,Fashion,Puma,4010,6978,22-10-2023
1241,Product_1241,Fashion,Zara,4162,6738,04-09-2021
1242,Product_1242,Beauty,Loreal,8975,10920,05-01-2020
1243,Product_1243,Beauty,Maybelline,10288,14711,13-03-2020
1244,Product_1244,Beauty,Dove,16299,16970,29-12-2021
1245,Product_1245,Electronics,HP,15384,18275,03-09-2021
1246,Product_1246,Home,Ikea,468,3532,19-01-2024
1247,Product_1247,Fashion,Levis,11917,12189,26-07-2020
1248,Product_1248,Beauty,Nivea,6773,7667,19-12-2022
1249,Product_1249,Fashion,Levis,4358,8550,15-01-2020
1250,Product_1250,Fashion,H&M,8496,10548,21-08-2022
1251,Product_1251,Beauty,Loreal,10106,13291,27-05-2022
1252,Product_1252,Fashion,Zara,9130,10220,17-06-2022
1253,Product_1253,Beauty,Maybelline,4883,7980,07-06-2022
1254,Product_1254,Electronics,Sony,6803,7909,23-01-2021
1255,Product_1255,Home,Ikea,4680,8112,12-05-2022
1256,Product_1256,Home,Ikea,5553,7383,08-09-2022
1257,Product_1257,Home,Ikea,14098,18304,31-01-2023
1258,Product_1258,Beauty,Maybelline,10945,14420,24-10-2022
1259,Product_1259,Beauty,Maybelline,3895,4978,13-02-2020
1260,Product_1260,Fashion,Adidas,11576,15872,28-01-2020
1261,Product_1261,Fashion,Nike,11511,15230,07-05-2023
1262,Product_1262,Electronics,Dell,16034,18605,31-07-2021
1263,Product_1263,Beauty,Lakme,14355,16584,18-06-2023
1264,Product_1264,Fashion,H&M,17052,18782,25-05-2021
1265,Product_1265,Home,Ikea,8935,11161,26-09-2023
1266,Product_1266,Beauty,Maybelline,15828,16872,06-12-2023
1267,Product_1267,Fashion,Adidas,19672,21090,14-04-2021
1268,Product_1268,Electronics,Samsung,13449,13963,14-07-2021
1269,Product_1269,Fashion,Adidas,14269,14613,16-06-2023
1270,Product_1270,Fashion,Nike,1969,5284,14-04-2022
1271,Product_1271,Home,Philips,7567,10520,22-05-2022
1272,Product_1272,Beauty,Lakme,17007,20705,11-08-2023
1273,Product_1273,Electronics,Sony,3906,6311,14-01-2022
1274,Product_1274,Home,Prestige,13999,16222,17-10-2021
1275,Product_1275,Electronics,Samsung,1639,1843,16-04-2020
1276,Product_1276,Home,Philips,9649,13716,27-07-2021
1277,Product_1277,Electronics,Dell,6356,8622,03-10-2022
1278,Product_1278,Home,Prestige,10273,11386,17-07-2020
1279,Product_1279,Electronics,Lenovo,18380,19647,09-11-2021
1280,Product_1280,Home,Prestige,19597,24129,23-05-2023
1281,Product_1281,Home,Philips,9342,11262,11-04-2023
1282,Product_1282,Beauty,Lakme,3785,5053,13-07-2023
1283,Product_1283,Electronics,Apple,19520,21280,30-01-2021
1284,Product_1284,Beauty,Lakme,2753,7430,21-06-2023
1285,Product_1285,Home,Prestige,15838,17692,28-12-2022
1286,Product_1286,Fashion,Nike,4488,6258,06-05-2022
1287,Product_1287,Home,Whirlpool,11681,14879,07-07-2022
1288,Product_1288,Electronics,Dell,2518,6673,08-05-2022
1289,Product_1289,Electronics,Samsung,19933,22378,27-11-2023
1290,Product_1290,Fashion,Puma,1789,6627,04-05-2020
1291,Product_1291,Fashion,H&M,13325,17580,03-11-2023
1292,Product_1292,Electronics,Samsung,14644,19016,25-02-2022
1293,Product_1293,Beauty,Nivea,9196,11091,11-01-2021
1294,Product_1294,Electronics,Samsung,19039,21023,27-04-2023
1295,Product_1295,Electronics,OnePlus,17103,21033,28-10-2022
1296,Product_1296,Home,Prestige,7519,10146,21-12-2023
1297,Product_1297,Home,Whirlpool,4202,5803,03-04-2021
1298,Product_1298,Electronics,HP,8105,10695,21-03-2020
1299,Product_1299,Fashion,Puma,4657,7072,15-04-2020
1300,Product_1300,Fashion,Adidas,17817,18968,03-01-2020
1301,Product_1301,Home,Whirlpool,12395,15253,19-06-2020
1302,Product_1302,Home,Philips,13680,16295,26-10-2021
1303,Product_1303,Electronics,Lenovo,641,3753,25-03-2021
1304,Product_1304,Home,Philips,8688,9016,05-01-2023
1305,Product_1305,Electronics,Lenovo,12816,15124,06-07-2023
1306,Product_1306,Fashion,Levis,7529,10385,04-07-2021
1307,Product_1307,Fashion,Zara,13258,14733,02-07-2022
1308,Product_1308,Fashion,H&M,14518,17737,30-10-2020
1309,Product_1309,Beauty,Lakme,16551,18237,29-07-2022
1310,Product_1310,Fashion,Adidas,6488,11354,01-10-2022
1311,Product_1311,Fashion,H&M,9542,9914,27-09-2021
1312,Product_1312,Fashion,Adidas,13217,14955,22-05-2020
1313,Product_1313,Fashion,Nike,14272,16481,20-07-2022
1314,Product_1314,Beauty,Lakme,17561,18885,28-01-2024
1315,Product_1315,Electronics,HP,3567,6862,25-02-2022
1316,Product_1316,Electronics,Apple,744,1302,27-09-2020
1317,Product_1317,Fashion,Nike,9070,10438,08-07-2023
1318,Product_1318,Electronics,OnePlus,607,1678,15-01-2023
1319,Product_1319,Home,Ikea,6929,8269,10-09-2022
1320,Product_1320,Beauty,Maybelline,10372,13289,07-09-2022
1321,Product_1321,Fashion,Adidas,2130,6782,18-11-2023
1322,Product_1322,Home,Whirlpool,4332,4705,01-04-2020
1323,Product_1323,Electronics,HP,10023,11063,13-11-2022
1324,Product_1324,Beauty,Maybelline,339,2376,19-02-2020
1325,Product_1325,Fashion,Levis,12928,14335,24-12-2021
1326,Product_1326,Home,Philips,12907,14027,04-10-2022
1327,Product_1327,Fashion,Nike,7657,8690,31-07-2021
1328,Product_1328,Home,Ikea,11235,12404,08-01-2022
1329,Product_1329,Electronics,Apple,5251,6909,27-05-2022
1330,Product_1330,Home,Whirlpool,6242,9925,03-11-2020
1331,Product_1331,Home,Whirlpool,9704,12757,31-07-2020
1332,Product_1332,Home,LG,12395,14769,27-12-2023
1333,Product_1333,Electronics,OnePlus,371,1788,05-09-2023
1334,Product_1334,Fashion,Puma,5142,8541,03-07-2022
1335,Product_1335,Beauty,Lakme,4008,8941,25-05-2022
1336,Product_1336,Home,Philips,3263,6109,18-09-2020
1337,Product_1337,Fashion,Levis,11854,14669,09-10-2022
1338,Product_1338,Beauty,Nivea,13864,16795,10-10-2020
1339,Product_1339,Fashion,Levis,14018,18718,15-10-2022
1340,Product_1340,Beauty,Dove,17870,19955,26-02-2022
1341,Product_1341,Electronics,HP,14122,18638,29-03-2023
1342,Product_1342,Fashion,H&M,3159,5285,10-01-2022
1343,Product_1343,Electronics,Samsung,862,4030,17-02-2023
1344,Product_1344,Beauty,Maybelline,3909,4597,16-12-2021
1345,Product_1345,Home,Philips,9956,13927,22-10-2020
1346,Product_1346,Beauty,Maybelline,7205,9244,24-04-2020
1347,Product_1347,Fashion,Nike,4988,8280,23-02-2020
1348,Product_1348,Beauty,Loreal,2072,3140,19-09-2023
1349,Product_1349,Electronics,Dell,19761,21256,02-03-2020
1350,Product_1350,Fashion,Puma,4929,5776,16-05-2021
1351,Product_1351,Electronics,Apple,18950,22561,02-11-2020
1352,Product_1352,Fashion,Levis,4891,9411,01-12-2023
1353,Product_1353,Home,LG,13784,16747,28-06-2022
1354,Product_1354,Electronics,Sony,3945,5422,02-05-2020
1355,Product_1355,Electronics,HP,5987,10309,24-11-2020
1356,Product_1356,Electronics,Dell,14181,18102,08-02-2023
1357,Product_1357,Home,Whirlpool,16745,19452,23-12-2023
1358,Product_1358,Fashion,Levis,5438,7864,07-07-2020
1359,Product_1359,Beauty,Maybelline,7242,10722,21-06-2023
1360,Product_1360,Electronics,Samsung,13154,14858,19-02-2023
1361,Product_1361,Electronics,OnePlus,15649,19759,03-10-2021
1362,Product_1362,Beauty,Nivea,5700,6347,30-01-2022
1363,Product_1363,Beauty,Maybelline,9144,10232,01-08-2020
1364,Product_1364,Electronics,Sony,11292,11721,05-05-2021
1365,Product_1365,Home,Philips,18046,19118,13-05-2020
1366,Product_1366,Fashion,Zara,659,3391,19-01-2021
1367,Product_1367,Fashion,H&M,1360,3528,05-07-2021
1368,Product_1368,Electronics,HP,18807,19374,28-02-2023
1369,Product_1369,Beauty,Lakme,1874,4651,09-07-2020
1370,Product_1370,Home,Ikea,11986,14499,26-03-2022
1371,Product_1371,Fashion,Puma,13100,16215,22-09-2020
1372,Product_1372,Electronics,Sony,13645,17970,25-07-2020
1373,Product_1373,Fashion,Nike,19540,22870,03-09-2022
1374,Product_1374,Electronics,Sony,5582,7023,29-10-2023
1375,Product_1375,Beauty,Lakme,3356,5453,17-03-2021
1376,Product_1376,Fashion,H&M,5577,9886,23-11-2022
1377,Product_1377,Home,LG,4599,7576,18-08-2021
1378,Product_1378,Home,Whirlpool,14419,14946,30-12-2023
1379,Product_1379,Beauty,Maybelline,7142,7956,08-11-2020
1380,Product_1380,Beauty,Lakme,789,2157,25-09-2021
1381,Product_1381,Electronics,Dell,3383,7308,04-10-2021
1382,Product_1382,Fashion,Puma,5591,6349,27-07-2021
1383,Product_1383,Home,Prestige,3223,4005,01-01-2021
1384,Product_1384,Beauty,Loreal,15807,18104,24-06-2022
1385,Product_1385,Fashion,Nike,18936,23135,22-03-2020
1386,Product_1386,Home,Prestige,13437,16987,23-06-2023
1387,Product_1387,Fashion,Levis,12317,16715,03-07-2023
1388,Product_1388,Home,Prestige,3035,6619,02-11-2022
1389,Product_1389,Beauty,Loreal,1698,2365,16-05-2021
1390,Product_1390,Electronics,Samsung,3750,6331,08-02-2022
1391,Product_1391,Fashion,Zara,13383,14180,01-04-2021
1392,Product_1392,Beauty,Nivea,3363,6421,12-08-2022
1393,Product_1393,Beauty,Dove,15532,16625,24-06-2020
1394,Product_1394,Fashion,H&M,3850,7301,06-06-2022
1395,Product_1395,Fashion,Levis,11071,11799,11-10-2021
1396,Product_1396,Home,Whirlpool,16234,18175,09-12-2023
1397,Product_1397,Beauty,Lakme,9421,13344,19-03-2020
1398,Product_1398,Fashion,Levis,5068,7016,17-10-2021
1399,Product_1399,Electronics,HP,12761,13472,10-01-2022
1400,Product_1400,Beauty,Nivea,7293,7936,09-03-2021
1401,Product_1401,Electronics,OnePlus,14158,16568,31-05-2021
1402,Product_1402,Fashion,Nike,4944,5711,14-07-2021
1403,Product_1403,Beauty,Lakme,10075,13973,09-05-2022
1404,Product_1404,Fashion,H&M,8801,10508,20-04-2020
1405,Product_1405,Electronics,Dell,11507,14139,02-12-2020
1406,Product_1406,Fashion,Puma,14033,18178,31-08-2022
1407,Product_1407,Fashion,H&M,14612,17717,20-11-2023
1408,Product_1408,Beauty,Lakme,18679,20505,08-06-2020
1409,Product_1409,Fashion,Puma,10671,10987,04-11-2020
1410,Product_1410,Beauty,Maybelline,16665,19457,20-08-2020
1411,Product_1411,Beauty,Loreal,17362,17592,11-07-2022
1412,Product_1412,Fashion,H&M,15023,19961,18-07-2020
1413,Product_1413,Electronics,Samsung,6449,10091,27-11-2023
1414,Product_1414,Fashion,Zara,12671,14641,13-12-2021
1415,Product_1415,Fashion,Adidas,19201,19518,28-01-2022
1416,Product_1416,Home,Ikea,10194,12908,25-10-2022
1417,Product_1417,Electronics,Lenovo,16655,20590,27-04-2022
1418,Product_1418,Beauty,Loreal,11841,16484,22-05-2022
1419,Product_1419,Home,Ikea,6061,10019,27-05-2022
1420,Product_1420,Home,Philips,18412,19944,16-01-2023
1421,Product_1421,Beauty,Nivea,9639,13422,22-07-2023
1422,Product_1422,Home,Whirlpool,3551,4468,31-07-2020
1423,Product_1423,Electronics,Lenovo,838,4407,31-07-2020
1424,Product_1424,Beauty,Dove,18149,19165,21-07-2023
1425,Product_1425,Beauty,Dove,19345,19812,29-09-2023
1426,Product_1426,Home,LG,7242,9267,20-07-2022
1427,Product_1427,Beauty,Lakme,6708,10754,11-09-2020
1428,Product_1428,Home,LG,13831,17273,16-01-2020
1429,Product_1429,Home,Philips,16931,19454,02-07-2021
1430,Product_1430,Home,Prestige,13889,16067,09-01-2020
1431,Product_1431,Beauty,Lakme,808,1223,10-11-2020
1432,Product_1432,Home,Whirlpool,19959,22759,17-11-2021
1433,Product_1433,Fashion,Zara,14390,16571,12-02-2023
1434,Product_1434,Beauty,Maybelline,13188,13810,29-03-2023
1435,Product_1435,Beauty,Maybelline,13093,14716,05-04-2022
1436,Product_1436,Home,Whirlpool,5491,9274,18-04-2021
1437,Product_1437,Electronics,Lenovo,4439,8769,30-08-2020
1438,Product_1438,Beauty,Loreal,18417,19919,22-10-2021
1439,Product_1439,Fashion,Nike,3356,3766,14-06-2022
1440,Product_1440,Electronics,Lenovo,19740,21193,26-02-2020
1441,Product_1441,Electronics,HP,12830,13237,24-09-2020
1442,Product_1442,Beauty,Loreal,6413,8576,29-08-2023
1443,Product_1443,Fashion,Puma,6651,11237,17-05-2021
1444,Product_1444,Beauty,Loreal,1995,4447,18-06-2020
1445,Product_1445,Fashion,H&M,1058,6004,30-07-2020
1446,Product_1446,Electronics,Dell,19826,21031,07-08-2020
1447,Product_1447,Fashion,Puma,8885,10564,09-07-2020
1448,Product_1448,Electronics,Dell,12142,14045,11-03-2022
1449,Product_1449,Electronics,Dell,1019,4608,30-05-2020
1450,Product_1450,Beauty,Lakme,7190,10829,07-02-2022
1451,Product_1451,Home,LG,5579,7251,03-09-2021
1452,Product_1452,Electronics,Samsung,18889,19346,28-08-2020
1453,Product_1453,Home,Prestige,16156,20832,11-01-2020
1454,Product_1454,Fashion,Zara,8639,9835,29-01-2021
1455,Product_1455,Electronics,HP,1054,5497,14-11-2022
1456,Product_1456,Fashion,Adidas,12256,13396,20-03-2021
1457,Product_1457,Electronics,Sony,4840,6840,19-06-2020
1458,Product_1458,Fashion,Puma,9267,13412,12-02-2021
1459,Product_1459,Electronics,Sony,18371,20982,14-08-2022
1460,Product_1460,Beauty,Nivea,17098,20574,30-01-2021
1461,Product_1461,Home,Philips,6784,9286,15-03-2022
1462,Product_1462,Electronics,HP,19553,22305,05-12-2020
1463,Product_1463,Fashion,H&M,16285,20035,02-07-2022
1464,Product_1464,Beauty,Dove,9202,12013,29-06-2023
1465,Product_1465,Electronics,HP,12851,16567,13-02-2021
1466,Product_1466,Home,Prestige,2405,6286,08-12-2020
1467,Product_1467,Electronics,HP,8592,12149,24-08-2021
1468,Product_1468,Home,LG,1281,2420,03-01-2021
1469,Product_1469,Home,LG,6392,9522,17-05-2021
1470,Product_1470,Electronics,Samsung,12478,15725,24-10-2020
1471,Product_1471,Home,Ikea,615,3424,10-11-2023
1472,Product_1472,Electronics,Lenovo,11076,13027,11-08-2022
1473,Product_1473,Home,Philips,18703,19445,28-02-2022
1474,Product_1474,Home,Whirlpool,7252,11771,21-03-2021
1475,Product_1475,Electronics,HP,9411,10223,21-03-2023
1476,Product_1476,Beauty,Nivea,10713,13535,09-02-2021
1477,Product_1477,Fashion,Nike,16485,20769,05-04-2020
1478,Product_1478,Home,LG,4207,5423,16-07-2022
1479,Product_1479,Fashion,Zara,11011,14347,29-04-2021
1480,Product_1480,Electronics,Sony,884,5800,10-01-2020
1481,Product_1481,Beauty,Loreal,4594,8093,16-03-2020
1482,Product_1482,Electronics,Sony,833,1601,20-08-2022
1483,Product_1483,Electronics,OnePlus,13901,16566,16-07-2021
1484,Product_1484,Home,Prestige,13418,14271,13-02-2023
1485,Product_1485,Home,LG,1842,5264,03-09-2021
1486,Product_1486,Beauty,Nivea,4278,7541,19-06-2023
1487,Product_1487,Electronics,Apple,7640,8231,22-01-2020
1488,Product_1488,Fashion,Nike,10879,14648,08-04-2021
1489,Product_1489,Fashion,Nike,6563,9784,05-01-2023
1490,Product_1490,Electronics,Lenovo,2020,4347,29-03-2020
1491,Product_1491,Electronics,Apple,10270,11084,24-06-2021
1492,Product_1492,Home,Whirlpool,12737,15148,01-12-2023
1493,Product_1493,Fashion,Adidas,19418,23392,02-09-2020
1494,Product_1494,Fashion,Puma,5149,10134,26-04-2022
1495,Product_1495,Beauty,Lakme,17397,21919,07-05-2021
1496,Product_1496,Beauty,Nivea,9492,12329,05-02-2024
1497,Product_1497,Beauty,Maybelline,3308,5669,29-08-2021
1498,Product_1498,Electronics,Sony,18601,20786,12-09-2023
1499,Product_1499,Fashion,H&M,2856,3671,09-10-2022
1500,Product_1500,Electronics,Samsung,730,2700,16-08-2022
